-- --------------------------------------------------------
-- Host:                         127.0.0.1
-- Server version:               10.6.4-MariaDB - mariadb.org binary distribution
-- Server OS:                    Win64
-- HeidiSQL Version:             11.3.0.6295
-- --------------------------------------------------------

/*!40101 SET @OLD_CHARACTER_SET_CLIENT=@@CHARACTER_SET_CLIENT */;
/*!40101 SET NAMES utf8 */;
/*!50503 SET NAMES utf8mb4 */;
/*!40014 SET @OLD_FOREIGN_KEY_CHECKS=@@FOREIGN_KEY_CHECKS, FOREIGN_KEY_CHECKS=0 */;
/*!40101 SET @OLD_SQL_MODE=@@SQL_MODE, SQL_MODE='NO_AUTO_VALUE_ON_ZERO' */;
/*!40111 SET @OLD_SQL_NOTES=@@SQL_NOTES, SQL_NOTES=0 */;


-- Dumping database structure for addonis
DROP DATABASE IF EXISTS `addonis`;
CREATE DATABASE IF NOT EXISTS `addonis` /*!40100 DEFAULT CHARACTER SET latin1 */;
USE `addonis`;

-- Dumping structure for table addonis.addons
DROP TABLE IF EXISTS `addons`;
CREATE TABLE IF NOT EXISTS `addons` (
  `addon_id` int(11) NOT NULL AUTO_INCREMENT,
  `addon_name` varchar(50) NOT NULL,
  `description` varchar(300) NOT NULL,
  `downloads_count` int(11) DEFAULT NULL,
  `origin_link` varchar(200) NOT NULL,
  `binary_content` longblob DEFAULT NULL,
  `image` blob DEFAULT NULL,
  `date_created` date DEFAULT NULL,
  `creator_id` int(11) NOT NULL,
  `details_id` int(11) DEFAULT NULL,
  `state_id` int(11) DEFAULT NULL,
  `download_link` varchar(100) DEFAULT NULL,
  `ide` varchar(30) DEFAULT NULL,
  `category` varchar(20) DEFAULT NULL,
  `rating_id` int(11) DEFAULT NULL,
  `tag_id` int(11) DEFAULT NULL,
  PRIMARY KEY (`addon_id`),
  UNIQUE KEY `addons_name_uindex` (`addon_name`),
  KEY `addons_details_details_id_fk` (`details_id`),
  KEY `addons_states_state_id_fk` (`state_id`),
  KEY `addons_users_id_fk` (`creator_id`),
  KEY `addons_ratings_rating_id_fk` (`rating_id`),
  KEY `addons_tags_tag_id_fk` (`tag_id`),
  CONSTRAINT `addons_details_details_id_fk` FOREIGN KEY (`details_id`) REFERENCES `details` (`details_id`),
  CONSTRAINT `addons_ratings_rating_id_fk` FOREIGN KEY (`rating_id`) REFERENCES `ratings` (`rating_id`),
  CONSTRAINT `addons_states_state_id_fk` FOREIGN KEY (`state_id`) REFERENCES `states` (`state_id`),
  CONSTRAINT `addons_tags_tag_id_fk` FOREIGN KEY (`tag_id`) REFERENCES `tags` (`tag_id`),
  CONSTRAINT `addons_users_id_fk` FOREIGN KEY (`creator_id`) REFERENCES `users` (`user_id`)
) ENGINE=InnoDB AUTO_INCREMENT=84 DEFAULT CHARSET=latin1;

-- Dumping data for table addonis.addons: ~9 rows (approximately)
/*!40000 ALTER TABLE `addons` DISABLE KEYS */;
INSERT IGNORE INTO `addons` (`addon_id`, `addon_name`, `description`, `downloads_count`, `origin_link`, `binary_content`, `image`, `date_created`, `creator_id`, `details_id`, `state_id`, `download_link`, `ide`, `category`, `rating_id`, `tag_id`) VALUES
	(3, 'GraphQL', 'GraphQL language support including tagged template literals in JavaScript and TypeScript. Formerly known as JS GraphQL', 0, 'https://github.com/Kaloyan9696/Addonis/', _binary 0x526172211a0701003392b5e50a0105060005010180800054f737992b02030b800004800020000000008000000f4164646f6e42696e6172792e7478740a0302886af842e4edd7011d77565103050400, _binary 0xffd8ffe000104a46494600010100000100010000ffdb004300080606070605080707070909080a0c140d0c0b0b0c1912130f141d1a1f1e1d1a1c1c20242e2720222c231c1c2837292c30313434341f27393d38323c2e333432ffdb0043010909090c0b0c180d0d1832211c213232323232323232323232323232323232323232323232323232323232323232323232323232323232323232323232323232ffc00011080096009603012200021101031101ffc4001c0001000202030100000000000000000000000708050602030401ffc40041100001030301050406060709010000000001000203040506110712213141225161810813147191a12332425292b13453627282a2b21516172437436373c1b3ffc4001a010101010101010100000000000000000000010203050406ffc4001f1101000202020203000000000000000000000111020403122131133251ffda000c03010002110311003f009fd11101111011110111101111011110111101116b526798f452be3756bf5638b4e903c8e1e4ac44cfa6f0e2cf93e9132d951718a464d13258ddbcc7b439a4750792e4a302222022220222202222022c2df32ec7f1b66f5e2ef4b4874d431efd5e7dcc1da3f051fdc7d20f12a5716d1d3dc6b88e4e6442369f37107e4825a45053fd24a8c3bb18cd439bdeeac683fd257aa93d23acaf7015762b8423be2919269f1dd4135a2d0ecdb62c22f4f6c6dbbb68e671d0475ac317f31ecfcd6f314d1cf13658646491bc6ad7b1c0870f0210735f090d0493a01cc95f560f310e388dcc34127d49e5ef0ac45cd37c78f7ce31fd65bdae9ff5f17e30abf5571a9a8fdf7fe6570dd3f74fc17c5f4e18757e934f4e35aea6ed3d5aeaa9c5a28819e304411fdb1f742c835cd7b4398e0e69e441d42aedba7b8fc14bbb390e18a377811f4f269af76a172cf8fac5dbcbdcd18e1c3e4ed7e5b6a222e4f3044440445ade6b99dbb07b0bee55c77e477629e9da7474cfee1dc3bcf41e4107b722c9ad18a5adf70bc56329e11c1a0f1748efbad6f325574ccf6e97ebebe4a5b1ef5a280f00f61d6778f177d9f737e2568994e5776cc6f2fb95da7df79d44513783216fdd60e83e67aac1aa96e72cb24f2ba596474923ceae7bdc4b9c7c49e6b82222088880b60c6b35c8712a81259ee52c31ebaba071de89fef61e1e6342b5f44169b00db4dab2a922b75d98cb65d5dd9682efa198f735c791fd93e44a94f810a8329eb645b5e7fad831ac9aa4b9aed23a3ae91dc41e91c87af83bc8f7a8b129f3d4c7fab67e10abdd57e9351fbeff00ccab0eb5e9307c76591f23edc379e4b8e92bc0d4f86aba71e718fb7a3a1b786bce5defcd3276a8a3367a2258dfd1e3e83ee85ed0034680003c17c8e364313238da1ac600d681d00e4b92e6f8729b9991111191111079ebaba9adb41515d592b62a6a78dd2cb23b935a06a4aa6d9e665579be4d3dca72e6533758e920278451ebc3ccf327bfdc14c9e90995ba8ed1478cd3484495bf4f55a1ff0069a7b2df3771fe155cd1244445504444044440444404444168b629b40764f647596e536f5d2dec1baf71ed4f0f20e3de47007c8f52a57548711c8a7c5329a0bcc04ff979019183edc6783dbe635f3d15d9a5a88ab2921a981e1f0ccc6c91bc727348d41f815161da8888a22220222eaa894414d2cc7946c2e3e435414f36a77a75f769179a8dfde8a19bd962ee0d8fb3c3cc13e6b4e5d95133aa6a659de4974af73c93d4924ffeaeb559114b1b26d985bf33b4dcee3799668a00ff0065a431bf77e934d5cef1d356f0f7ac1609844178da61c62f9eb98d80ced99b13b75c5d183d74e5af1456888a6ba4c1366f9755d7d931ab85d696f74ec798c55718de5874239711ae9c883c7558ac3f0cc47fc3cafc9b2e3711ecd5e691cda57fd5d3740e1a71e2e42914a292b33c1f1d8f0ca7cc30eaeaa9ed8e9fd9e782a876e37711af21d74041d79820a8d5104526e2b8762f4981ff007cb329eb5d4b3d41a7a4a4a33a39e4123527ded7750001d755cb28c06c2ca7c6aff8dd555c962bcd5b295f1ce47ac85c5da1d0f93871d742399d515182294b699b308312c96d86dfebcd96e32b210e7bb79d149a80e6ebe2388d7c7b96b7b4cc728314cf2bad16df5a2922644e6095fbce1bcc04f1f7a0d455b4d895e9d77d99d14723b7a5a07be91c7ae8de2dfe5701e4aa5ab07e8db565d43905113c192c3281fbc1c0ff00484213b22228a222202f25d1a5f69ac68e660781f84af5af8e68734b48d41e0420a0e390f722f7dee81f6abfdc6df2021d4d5324475fd9710bc0ab2b291db6831ec230ab654e514162a9a4923bacd1d40d4cee3a92398e1ab9c3c9768b44545e9214573a6dd34d75b6bea5ae67d5738337491ef01a7cd57abee4576c96b22abbc563aaa68a16c0c739a1ba31bc86800ef3c7aac8c79fe531555aea5977944d6a80d3d1bb719f47191a107876b80038ebc828b692f6538ede68f6b571ba55db2ae9a8621545d513c2e8d9da770d091c7bf8745d5494f3ddbd1ff2165ba9e6ab925bf39ec640c2f7386fc6750071e4b42baed3f34bd5049435d7e9df4d28dd9191b191ef0ea0968074f05e6c7b3eca315a1928acb757d2d34927ac747ea98f1bda0048de074e43e08240aab7d5587d1c1f4b78a69a8e7aabb35f1c32b7724737781e4788e0c71e2b0afadd8efb2b832d592faedc3bbacadfada77ef69cfc169b906597eca658e4bddce6ac316beadafd0359af3d1a0000f8e8b0ca8982b286aaf1e8dd636dba9e5aa7d1dc5e67642d2f7306f49c481c7ed37e2164aae9a7b4ec8b6796eaf89f4d58fbe47288251bafddf5921d48e9c1edf8a8b31bcd722c45d2ff00625ce4a564c75923dd6bd8e3dfbae046be3cd755e72ebf6417586e774b9cd51570106179d1a23d0ea375a068388079282c4d55ee8efbb46bf6017b7fd0caf82aadb21e71cad635e5a3cc6f0fe21d5443b70ff55ae7ff00541ffcc2d3ebb24bc5c72239054d73dd75f58d9454340696b9ba6e9000d069a05d57bbe5c723bb4d74bb549a8ac9b4df9374375d068380000e01518f53bfa3634fb5646fd3b3b94e35f1d645042b23e8e76f7438b5dae0e6e82a6b046d3de18d1ffae3f04213422228a2222022220aa9b74c7cd9f6852d7319a53dd23150d3d37c765e3e201fe2518ab75b5dc39d97e1528a58f7ee3404d45301cdfa0ed33cc7cc0551791550444441111011110111101111007c55d0d9d63e719c0ad36d91bbb50d844938ebeb1fda70f2274f255cf63986bb2acce2a89e22eb6db4b6a27247073b5ec33cc8d4f802adaa8b02222288888088880ab5edab66afb3d7cd945a20d6db52fdeab8983f47909fada7dd71f81f78565175cf045554f2413c6c96191a58f63dbab5cd3c0823a84142914c5b4bd8bd5d9259aef8cc32555aceaf9295baba4a6efd3ab99f31d75e6a1d5591111011110111101646c763b864778a7b55b2033554eed1ade8075738f40071257a719c52f197dd1b4167a474d27032487847137ef3ddd07ccf456b767db3bb66056b2c874a8b94cd1ed358e6e85dfb2d1f65a3bbaf328af7e1388516158d416aa4d1f20edd44fa686690f371f0e8074002d8d114511110111101111011110147599ec731ccb5f255c4c36cb93f89a8a668dd79ef7b391f78d0f8a9151054cc836279958def753d1b6e94e394944ed5da78b0e8ef86ab41aba0acb7ca62ada49e9a41c0b678dcc3f30af8aeb9a9e1a866e4d132569fb2f6870f9a252856a3bc7c5071200e24f2015e27e2b8ec8ede7d86d6e777ba8e327fa57a696cb6ba23ad25b68e03ff00140c67e410a536b360994e40f68b6d8ab65613a7ad746638ff0013b40a58c57d1e1e5cca9ca6e00379fb1d11e27c1d211f90f353fa214c7d9ec76cc7edeca0b4d143494cce51c4dd353de4f327c4f15904445111101111011110111101111011110111101111011110111101111011110111107fffd9, '2021-12-15', 1, 137, 1, NULL, 'VisualStudio', 'Featured', 1, 3),
	(4, 'Rust', 'Rust language support', 0, 'https://github.com/tdgeorgieva/simple-blogging', _binary 0x526172211a0701003392b5e50a0105060005010180800054f737992b02030b800004800020000000008000000f4164646f6e42696e6172792e7478740a0302886af842e4edd7011d77565103050400, _binary 0xffd8ffe000104a46494600010100000100010000ffdb004300080606070605080707070909080a0c140d0c0b0b0c1912130f141d1a1f1e1d1a1c1c20242e2720222c231c1c2837292c30313434341f27393d38323c2e333432ffdb0043010909090c0b0c180d0d1832211c213232323232323232323232323232323232323232323232323232323232323232323232323232323232323232323232323232ffc00011080096009603012200021101031101ffc4001c0001000202030100000000000000000000000708050602030401ffc40041100001030301050406060709010000000001000203040506110712213141225161810813147191a12332425292b13453627282a2b21516172437436373c1b3ffc4001a010101010101010100000000000000000000010203050406ffc4001f1101000202020203000000000000000000000111020403122131133251ffda000c03010002110311003f009fd11101111011110111101111011110111101116b526798f452be3756bf5638b4e903c8e1e4ac44cfa6f0e2cf93e9132d951718a464d13258ddbcc7b439a4750792e4a302222022220222202222022c2df32ec7f1b66f5e2ef4b4874d431efd5e7dcc1da3f051fdc7d20f12a5716d1d3dc6b88e4e6442369f37107e4825a45053fd24a8c3bb18cd439bdeeac683fd257aa93d23acaf7015762b8423be2919269f1dd4135a2d0ecdb62c22f4f6c6dbbb68e671d0475ac317f31ecfcd6f314d1cf13658646491bc6ad7b1c0870f0210735f090d0493a01cc95f560f310e388dcc34127d49e5ef0ac45cd37c78f7ce31fd65bdae9ff5f17e30abf5571a9a8fdf7fe6570dd3f74fc17c5f4e18757e934f4e35aea6ed3d5aeaa9c5a28819e304411fdb1f742c835cd7b4398e0e69e441d42aedba7b8fc14bbb390e18a377811f4f269af76a172cf8fac5dbcbdcd18e1c3e4ed7e5b6a222e4f3044440445ade6b99dbb07b0bee55c77e477629e9da7474cfee1dc3bcf41e4107b722c9ad18a5adf70bc56329e11c1a0f1748efbad6f325574ccf6e97ebebe4a5b1ef5a280f00f61d6778f177d9f737e2568994e5776cc6f2fb95da7df79d44513783216fdd60e83e67aac1aa96e72cb24f2ba596474923ceae7bdc4b9c7c49e6b82222088880b60c6b35c8712a81259ee52c31ebaba071de89fef61e1e6342b5f44169b00db4dab2a922b75d98cb65d5dd9682efa198f735c791fd93e44a94f810a8329eb645b5e7fad831ac9aa4b9aed23a3ae91dc41e91c87af83bc8f7a8b129f3d4c7fab67e10abdd57e9351fbeff00ccab0eb5e9307c76591f23edc379e4b8e92bc0d4f86aba71e718fb7a3a1b786bce5defcd3276a8a3367a2258dfd1e3e83ee85ed0034680003c17c8e364313238da1ac600d681d00e4b92e6f8729b9991111191111079ebaba9adb41515d592b62a6a78dd2cb23b935a06a4aa6d9e665579be4d3dca72e6533758e920278451ebc3ccf327bfdc14c9e90995ba8ed1478cd3484495bf4f55a1ff0069a7b2df3771fe155cd1244445504444044440444404444168b629b40764f647596e536f5d2dec1baf71ed4f0f20e3de47007c8f52a57548711c8a7c5329a0bcc04ff979019183edc6783dbe635f3d15d9a5a88ab2921a981e1f0ccc6c91bc727348d41f815161da8888a22220222eaa894414d2cc7946c2e3e435414f36a77a75f769179a8dfde8a19bd962ee0d8fb3c3cc13e6b4e5d95133aa6a659de4974af73c93d4924ffeaeb559114b1b26d985bf33b4dcee3799668a00ff0065a431bf77e934d5cef1d356f0f7ac1609844178da61c62f9eb98d80ced99b13b75c5d183d74e5af1456888a6ba4c1366f9755d7d931ab85d696f74ec798c55718de5874239711ae9c883c7558ac3f0cc47fc3cafc9b2e3711ecd5e691cda57fd5d3740e1a71e2e42914a292b33c1f1d8f0ca7cc30eaeaa9ed8e9fd9e782a876e37711af21d74041d79820a8d5104526e2b8762f4981ff007cb329eb5d4b3d41a7a4a4a33a39e4123527ded7750001d755cb28c06c2ca7c6aff8dd555c962bcd5b295f1ce47ac85c5da1d0f93871d742399d515182294b699b308312c96d86dfebcd96e32b210e7bb79d149a80e6ebe2388d7c7b96b7b4cc728314cf2bad16df5a2922644e6095fbce1bcc04f1f7a0d455b4d895e9d77d99d14723b7a5a07be91c7ae8de2dfe5701e4aa5ab07e8db565d43905113c192c3281fbc1c0ff00484213b22228a222202f25d1a5f69ac68e660781f84af5af8e68734b48d41e0420a0e390f722f7dee81f6abfdc6df2021d4d5324475fd9710bc0ab2b291db6831ec230ab654e514162a9a4923bacd1d40d4cee3a92398e1ab9c3c9768b44545e9214573a6dd34d75b6bea5ae67d5738337491ef01a7cd57abee4576c96b22abbc563aaa68a16c0c739a1ba31bc86800ef3c7aac8c79fe531555aea5977944d6a80d3d1bb719f47191a107876b80038ebc828b692f6538ede68f6b571ba55db2ae9a8621545d513c2e8d9da770d091c7bf8745d5494f3ddbd1ff2165ba9e6ab925bf39ec640c2f7386fc6750071e4b42baed3f34bd5049435d7e9df4d28dd9191b191ef0ea0968074f05e6c7b3eca315a1928acb757d2d34927ac747ea98f1bda0048de074e43e08240aab7d5587d1c1f4b78a69a8e7aabb35f1c32b7724737781e4788e0c71e2b0afadd8efb2b832d592faedc3bbacadfada77ef69cfc169b906597eca658e4bddce6ac316beadafd0359af3d1a0000f8e8b0ca8982b286aaf1e8dd636dba9e5aa7d1dc5e67642d2f7306f49c481c7ed37e2164aae9a7b4ec8b6796eaf89f4d58fbe47288251bafddf5921d48e9c1edf8a8b31bcd722c45d2ff00625ce4a564c75923dd6bd8e3dfbae046be3cd755e72ebf6417586e774b9cd51570106179d1a23d0ea375a068388079282c4d55ee8efbb46bf6017b7fd0caf82aadb21e71cad635e5a3cc6f0fe21d5443b70ff55ae7ff00541ffcc2d3ebb24bc5c72239054d73dd75f58d9454340696b9ba6e9000d069a05d57bbe5c723bb4d74bb549a8ac9b4df9374375d068380000e01518f53bfa3634fb5646fd3b3b94e35f1d645042b23e8e76f7438b5dae0e6e82a6b046d3de18d1ffae3f04213422228a2222022220aa9b74c7cd9f6852d7319a53dd23150d3d37c765e3e201fe2518ab75b5dc39d97e1528a58f7ee3404d45301cdfa0ed33cc7cc0551791550444441111011110111101111007c55d0d9d63e719c0ad36d91bbb50d844938ebeb1fda70f2274f255cf63986bb2acce2a89e22eb6db4b6a27247073b5ec33cc8d4f802adaa8b02222288888088880ab5edab66afb3d7cd945a20d6db52fdeab8983f47909fada7dd71f81f78565175cf045554f2413c6c96191a58f63dbab5cd3c0823a84142914c5b4bd8bd5d9259aef8cc32555aceaf9295baba4a6efd3ab99f31d75e6a1d5591111011110111101646c763b864778a7b55b2033554eed1ade8075738f40071257a719c52f197dd1b4167a474d27032487847137ef3ddd07ccf456b767db3bb66056b2c874a8b94cd1ed358e6e85dfb2d1f65a3bbaf328af7e1388516158d416aa4d1f20edd44fa686690f371f0e8074002d8d114511110111101111011110147599ec731ccb5f255c4c36cb93f89a8a668dd79ef7b391f78d0f8a9151054cc836279958def753d1b6e94e394944ed5da78b0e8ef86ab41aba0acb7ca62ada49e9a41c0b678dcc3f30af8aeb9a9e1a866e4d132569fb2f6870f9a252856a3bc7c5071200e24f2015e27e2b8ec8ede7d86d6e777ba8e327fa57a696cb6ba23ad25b68e03ff00140c67e410a536b360994e40f68b6d8ab65613a7ad746638ff0013b40a58c57d1e1e5cca9ca6e00379fb1d11e27c1d211f90f353fa214c7d9ec76cc7edeca0b4d143494cce51c4dd353de4f327c4f15904445111101111011110111101111011110111101111011110111101111011110111107fffd9, '2021-12-15', 1, 120, 1, NULL, 'VisualStudio', 'Featured', 1, 1),
	(5, 'Scala', 'Adds support for the Scala language. The following features are available for free with IntelliJ IDEA Community Edition:', 0, 'https://github.com/tdgeorgieva/simple-blogging', _binary 0x526172211a0701003392b5e50a0105060005010180800054f737992b02030b800004800020000000008000000f4164646f6e42696e6172792e7478740a0302886af842e4edd7011d77565103050400, _binary 0xffd8ffe000104a46494600010100000100010000fffe003b43524541544f523a2067642d6a7065672076312e3020287573696e6720494a47204a50454720763632292c207175616c697479203d2039300affdb0043000302020302020303030304030304050805050404050a070706080c0a0c0c0b0a0b0b0d0e12100d0e110e0b0b1016101113141515150c0f171816141812141514ffdb00430103040405040509050509140d0b0d1414141414141414141414141414141414141414141414141414141414141414141414141414141414141414141414141414ffc00011080096009603012200021101031101ffc4001f0000010501010101010100000000000000000102030405060708090a0bffc400b5100002010303020403050504040000017d01020300041105122131410613516107227114328191a1082342b1c11552d1f02433627282090a161718191a25262728292a3435363738393a434445464748494a535455565758595a636465666768696a737475767778797a838485868788898a92939495969798999aa2a3a4a5a6a7a8a9aab2b3b4b5b6b7b8b9bac2c3c4c5c6c7c8c9cad2d3d4d5d6d7d8d9dae1e2e3e4e5e6e7e8e9eaf1f2f3f4f5f6f7f8f9faffc4001f0100030101010101010101010000000000000102030405060708090a0bffc400b51100020102040403040705040400010277000102031104052131061241510761711322328108144291a1b1c109233352f0156272d10a162434e125f11718191a262728292a35363738393a434445464748494a535455565758595a636465666768696a737475767778797a82838485868788898a92939495969798999aa2a3a4a5a6a7a8a9aab2b3b4b5b6b7b8b9bac2c3c4c5c6c7c8c9cad2d3d4d5d6d7d8d9dae2e3e4e5e6e7e8e9eaf2f3f4f5f6f7f8f9faffda000c03010002110311003f00fd51c8a322928a005c8a38a4a28017228c8c525787fed9ff001327f85bfb3d789350b294c1a9dfaae9769229c32bcc76b303d888c48c0fa815b51a52af5234a3bb7633a9354e0e6fa1f197edb7fb625ffc45d7b50f037842fded7c1f66ed05e5d5b3e1b53901c37cc3fe5883c00386c64e4600f8fb22938c50715faee170d4f094952a6b45f8f9b3e12b569d79b9cc5cd19149c668e2bacc4f65fd9aff0069bf10fecf1e2b8e7b5965bef0cdcc83fb474667f9255e85d33c2c80743df183915fb0be12f15e97e38f0ce99afe8b74b79a5ea302dc5bcc9fc4ac33c8ec47420f20820d7e0af18afd1dff00825ffc4c9f56f08f89bc0f772990691325fd88639db14a489107a00ea1beb29af8fcfb030953fad4159adfcd7fc03decb313253f632d9ec7dc79146452515f027d38bc668c8a4a2801734645251400b9145251400ea3148ae1802a41079041a5e6800a28a3f0a00315f1cffc150c4dff000a37c38533e48f1145bfebf66b8dbfd6bec6af14fdb1fe185c7c57fd9fbc4ba5d8c267d52cd1752b38d4659e484ee2a0772c9bd47bb0af432fa91a58ba7396d7472e2a0e742715bd8fc69c9f4a327d28e683935faf1f08193464d1cd1cd001935f647fc12e84c7e3778948cf91ff0008f49bfd377da6df6fe9babe37e6bf48ff00e0983f0c2e345f05788fc71790943ad4c96562586098612dbdc7b348db7eb11af1339a91a7829dfae87a197c1cf111b74d4fb7b028c51473e95f961f6a1819a3028e68fc2800c514735e5be2efda0b44f0edd5cd95a5b5c6a57b03b44e00f2e35653820b1e7a8ec0d79d8ecc70996d3f6b8ba8a0bcfafa2ddfc8ecc2e0f118d9f261e0e4ff00adfb1ea5c515f325e7c7ff00146af787eccf6fa64206424110727ea5f39fc00a2be43fd76cb1b7c919b5decbf5699f45feac6397c4e29f6bbfd11f9e1f0abf6a2f897f071a28bc3fe26b83a6c78ff895df9fb45ae3d0237dcfaa153ef5f64fc28ff829df87f57f26cfc7fa0cda05c9c06d474bcdc5b13dcb467f7883d86f35f9bff8d1f8d7f4ce272cc2e2b59c2cfbad1ff5ea7e3347195e87c32d3b33f76fc0df12fc2df1334c1a8785b5fb0d72d70371b3983b479ecebf790fb3006ba6e6bf03b41f10ea9e16d4e1d4746d4eef49d422398eeaca668654fa3290457d4bf0a7fe0a41f10fc17e4da78a6dedbc6ba72e01927ff47bc03da551b5bfe04849f5af94c4f0ed687bd879732ecf47fe5f91edd1cd612d2aab1fa99cd2735f3ffc28fdb8fe157c53f26dff00b6ff00e119d5a4c0fb06bb8832de8b2e4c6dcf41b813e95efd1ba4b1aba387461956539047a835f315a855a12e5ab169f99ecd3a90aaaf0773f34bf6ddfd8d750f06eb7a8f8fbc1560f77e19bb76b8d42c2d932da7c87977551ff2c49c9e3ee73d1718f8b8e7d6bf7fc804107915f3bfc58fd843e15fc51bb9b504d3a7f0beab292cf75a1bac49237ab44414fa90149ee6beb32fcfbd94152c526edd57ebfe67878acb39e4e747eeff0023f223f1a306bf42ee3fe095162d73983e24dc47067ee49a32bb63fde1381fa57a1fc3bff826dfc33f095dc577aedcea5e2fb88c8610de4820b6247731c7863f42e41f4af6a79ee0a31bc64df924ff005b1e7472dc4c9d9ab7ccf88bf662fd967c43fb43789a26114da77846da41fda1ac32e1703ac516786908fa85ce4f607f5f7c33e1ad3bc1de1fd3f44d1ed63b1d2f4f812dadade3e888a3007b9f5279279353691a3d8681a65be9da659dbe9d616c82386d6d6258e38d4740aab8007d2adb32a216660aa3924f0057c466398d4c7cef2d22b647d1e13091c2c6cb56fa8ee68e6b89f117c62f0a786f724ba9ade4ebff002c2c879adf4c8f947e2456f784fc47178b7c3d69ab4113c10dc862b1c841600315e71f4af99a598612bd7787a5554a695da4ef65b6b6f53d9a984c452a4ab5483517a26d5ae6c735e4df183f6a4f875f03ae0d9789f5b2babf96255d2ece169ae194f438036ae7070588af58efd6bf35ff006b4f0fd878b3f6f7f07e89aac1f6bd33519748b4ba80b32f9913cdb5d72a4119048c820d7d265d86a78aace356f649bd3c8f1f175a7469a70ddb4b53a1f1b7fc14c7c41e25befecaf867e086fb44c76433ea41ae6e1ffddb78b807fe04df4ad1b1bed5753b2b7bcd7637875bb88d66bf8e58bca65b86199014c0da4316f97031d2bed1f04fc33f0a7c38b1fb2785fc3da768501186fb15b2c6cffefb01b98fbb126be7efdb13c05a7f80fe0178ebc57a54d7516bc668258ef3ce20c265bc8838403007caec39c9e7ad7c471764cf89bead83cba0a9da5aca4df5b2ecfee3ea387b338e48ebe2317273bc74492e9af91c4e83a65e6a53c82d2d27ba2abf37931b3e391d7028af4dff00827ede4fa87ecd1a35c5d4f25cdc497b785e599cbbb1f3dba93c9a2be4ff00e21f4308e542a621b716d5d46cbf33de97174b116ab0a364d757ff0000fc8ee3d68e3d68a38afebd3f010e3d68e28e3349400bc7ad7a6fc2cfda4be22fc1c78d7c33e27bb82c14e4e9b727cfb423b8f29f2173eab83ef5e65c5256752942ac796a24d7997194a0ef17667e8b7c29ff00829f691a879367f10bc3b269531c2b6a7a3665833ead0b1dea3fdd2e7dabebff00007c57f07fc53d3fedbe13f11586b9081975b6947991ff00bf19c3a1f6602bf0af8ab9a46b37fe1fd421bfd2efee74dbe84ee8ae6d2568a543eaaca411f857cd62787f0f575a2f91fde8f5e8e69561a545ccbf13f7d314d7658d4b310aa39249c015f38fec11f127c4bf13fe064da978a7569b59d42db569ace3bab80be6794b1c4ca1880371cbb727279eb5e7be22f1b6bbe2795ffb4f54b8b94cff00aa2fb631f44185fd2bf15e27cee1c33254eac1ce4db4acecb4b6ef7ebd8fd1f23cae59da7384b962ad7beaf5bf4f9773ebbd3bc59a3eafa9cba7d8ea305e5dc49e63c703efdab9039238ea4719cd796fed353c91689a32248e88f3c9bd54901b0a3191deb98fd99bfe46ed4ffebc4ffe8c4af6ff0017f81349f1c0b35d5925961b5767589242818918e48e7b7622bc4857c4f1464351c128ce6ecb5765692ddfa1e94e951c8b368293728c357df55fe67c690c125ccab1c51bcb231c2a20cb13ec057d7bf092c2e34df875a35b5dc125b5c246fba2954ab2e6462320f23822b5bc3da0683a1092df47b3b3b678f0b28b70bbc67a6e3d7f3adae2970d70bbc92a4b133abcf292e5b25a2d53dfaedd90f3bcf566908d18d3e58a77d5ebb7fc1f31315f9cdfb4ab2c5ff0511f00c8e42471dde8b23b3701544e0924f6000ce6bebef8e5f12759f055c5859e92f0c1f6a899de668f7ba9040e33c7e60d7ce3aadf4fadeaf36a97f27dab519942497520064651d173e83b0e95db8ee3cc370fe2aa61e145d4a8934f5e54ae975d5bfbbe66184e14ad9bd0856954508377eef47db4fccfaf2dbe29786f50f10dae8b657e2faf6e18aafd9d4b46b852dcbf4e80f4cd7957edefff0026a3e36fad8ffe96c15c47c14ff929fa1ffbf27fe8a7aee3f6f8ff009350f1b7d6c7ff004b60af4782b38af9ddb115e29355124976f75f5f538b89b2da595b746936ef0bbbf7d7fc8cbff8278ffc9afe85ff005f979ffa3da8a5ff0082787fc9afe85ff5f979ff00a3da8afb2cc3fdeeaff89fe67cd617f810f447e49e7da973ed4873e9473e95faf9f082e7da8cfb52739e9460fa5002e7da933ed463da8c7b5002e7da933ed460d183401fa97ff04ccff9378d47fec60b9ffd130570f213e63fd4d771ff0004ccff009378d47fec60b9ff00d130570f267cc7fa9afe40f163fdf297acff00f6d3fa0f807f8153d23ffb71d47c3cf1fcff000f750bcbdb6b48eee69e0f2544ac42afcc0e481d7a74c8a9fc47f173c53e26deb71a9c96d6edff002c2cff007498f4e3923ea4d71dcd1cd7e331cd31b4f0eb090aad5357d13b6fdedbfccfd26580c2ceb3c44a9a73eef5dbd76f91d87847f698f03fecff00a0ea5ff095de5d7dbaf65596dac6cad9a59a755043107841c91f798579878bbfe0a4be33f1bea0747f861e0631dc4b958a4b98defaedc7aac318014fd778af54f869fb38781be345e4bacf8c34d9b56934b6586ded4dc3c7010df312c1082c7207538f6afa7bc27e05f0f780f4f163e1cd0b4fd0ed06331585b2421bdced0327dcf35fd45c1b5f054321c33953739d9deef4f89fdff33f0ae24a788a99b574a6a31badb7f851f08785c7c5dba867d4fe2dfdbd350be60f6115f18d0a4407cd88530221923820135b8324e00249ed5f5e78e3e1669de3fd56c6ef52b8b848ed636410c042efc9cf2483fa569f87bc01e1ff000b053a6e956f04a3a4ccbbe4ff00bedb27f5afcef3be14c66799cd7c6b71a74e4d5adaed14b45f2ead1f6196710e1f2bcb696192739c53bf4eadefff0000f04f82de06d7d3c6ba56ad2e9771069d033b3cf32f96306360301b04f2474cd6d7edf07fe3147c6df5b1ff00d2d82be81e457cfbfb7b9cfeca1e36fad8ff00e96c15fa370b64d4b23953c3d29395e69b6fbe8b4f2d3ccf8ccf732a99a73d6a914ad16925db57fa99bff04f138fd97f42ff00afcbcffd1ed451ff0004f1cffc32fe85ff005f979ffa3da8afa2cc3fdeeaff0089fe678d85fe043d11f9278f7a31ef471eb457ebe7c207e347e3477a38a003f1a3b75a28e2800fc683f5a38f5a0fd6803f52bfe0999ff26f3a8ffd8c173ffa260ae1e5ff005aff00535dc7fc1333fe4de351ff00b182e7ff0044c15c449feb1fea6bf8ff00c58ff7ca5eb3ff00db4fe83e00fe055f48ff00edc328a5a3f1afc18fd60ee7c01f15aefe1e693a85b595943713dd48ae259d8ed4c023ee8c67f315bfe05f893e23f177c48d123d475395ad9a639b68bf7717dd6e0a8c67f1cd793f6aecfe0ea33fc49d0f6a96c4a49c7381b1b9afaacab34c6cf1185c27b57ecd4e29453b2f893d6dbfcee7cfe6180c2c68e2313ecd73b8cb57abf87cf6f91f5df7af27f8a9f1aae7c0fac369363a74535c88964fb45c39d833d06d1827f3af59c57cb9fb430ff8b8d2ff00d7ac5fc8d7ed9c5d8fc4e5d96fb6c2cf964e495f4d9dfb9f9870ee1286371becf111e68a4ddbee39df10fc52f13f89f72de6ad3240dff2c2dcf9498f421719fc735e0bf183f6adf1f7ed1fa06a1f0c7c2be0432698ed1413ad9c72dede49e4c8acadb9405405a304e54f1debdd3c3ff0e7c47e282a74fd2ae2489ba4f20f2e3c7fbcd807f0afad7c2be1cb2f0be876b6163616ba74691aef8ad2258d37e06e38500649ef5e5f8758ac4d2ad88c663a9ca6da8f2ca4ddae9bdafbf43d0e31a387953a386c2ca314b9b9946de5bdb63c8bf62ef87de20f865f00345d0bc4da73e95ab25c5cccf6b23a3b22bcaccb9da4804820e3391de8af73c515fa7d6aaebd495596eddfef3e129c1538282e87f3ff0081460519fa519fa57ed07e7c1819a3028fca8cfd2800a3031467d8519f61400605181467e9467e9401fa97ff0004ccff009378d47fec60b9ff00d130570d263cd7fa9aee3fe0999ff26f1a8ffd87ee7ff44c15c3ca7f78fd3a9afe40f163fdf297acff00f6d3fa0f803f8157d23ffb70de2ba2f027832e3c79af2e976b3c56cfe5b4ad24b92028c6700753cd73b9fa57a87ece9ff2508ffd79cbfcd6bf1dc9b0d4f199850c3d6578ca493f43f45ccabcf0d83ab5a9bf7a29b47a4f877f672f0f699b64d4e79f569475563e547ff7caf3ff008f57a4e91a0e9ba05b8874eb1b7b28fb88230b9fae3afe357f22be62f8e1e33d6d3c73aae929a9dc43a743e504b789f62e0c48c738c6ee49eb9afdf71f532de13c22c451c3ad5f2ab5af7b37ac9eb6d3ccfc8f090c6f10e21d1a95b657d76dd2d12d3af91f41def8d343b0d4adf4f9b53b717d3c8b1476e8fba42c4e002a3247d4d4d3785b48b9d5db549b4eb79efca85fb44b1866503a633d3f0af91fe1b73f103c3ddffd3a1ffd0c57d979155c3d9c3e21a352ad7a49284b45bf4deefafa242ce32d593d4853a551b725abdbafe42f007a0aab6baa595f5c4f05bddc33cd063cd8e39033479ce3701d3383d7d2be46f17fc47f11ebf7d7505dead3fd9848ca2088f971e0123042e33f8e6b87bdf077c64f1e14d23e166b5fd81612e7fb62fbed4b6db3fe78fcea0ca3fe5aff00ab1f5ed5cd95715d2ce336a796d1872465cd7949db68b7b2bef6ee6f8fe1fa99765f3c6d59f3495ad18aeed2ddfaf63edbf137c43f0b7829a24f10789349d0de5ff56ba8dec7017fa07619a2bf19fe2af81354f867f173c41e19d6b55fedbd56c360b8bfdccde73bc71c84e5be638df8c9eb8a2bf7186414a5052f6addd5f6ee7e612cd26a4d725ac79b67da9735d578fbe15f8bfe176a3f62f15f876ff439c9211aea222393fdc90655c7ba935caf35f6f19c66b9a2ee8f9d69c5da4833ed49f9d2f3473542133f5a33f5a5e68e6801327de8cfd6979a439a00fd4bff0082667fc9bc6a3ff6305cff00e8982b8793fd63fd4d76ff00f04ccff9379d47fec60b9ffd1305711267cc7fa9afe41f163fdf297acfff006d3fa0f807f8153d23ff00b70ccd7a8fecebff00250cff00d79cbfcd6bcbb9af41f821af587873c66f7ba9dd259daada48be6487a92570001c93ec2bf24c8270a59ae1e73764a4aede88fd033784a780ad182bb7167d5f93e95e01fb487c3b834ef047c41f1da5f4e354b5d2e5bab589554471c91c20296c83bb95cf6aeef47f8dda2f88fc5763a26970dcdc9b9661f6a75f2d06159b201e4fddee075aa5fb517fc9bafc46ff00b01dd7fe8b35fd2d416599fb845f2d68466bcd5ff27a3f35a9f88d478eca399abd394a2fc9dbf35aaf53c6bfe09c1ad5e78bbe12f88758d625fb7ea635f9601752a2ef58c5b5bb04040e172cc7038c93eb5f5b64d7c77ff04bdff9215e22ff00b1926ffd25b6afb0ebe931d428e1b1352950828c53d124925f2478f87ab52b518d4ab272935bb777f79f02fed7bfdb3fb3d685a3ea56f2595fdeeb5773c7b1d18a401406cf50589dded8c77afb2fe16f8634cf0ff84f4eb8d3ed04135f5a4135c4818932314072724f763c7bd7c8dff0551ff9147c03ff005fd75ffa2d2babd63fe0a1ff000cbe1ff84f4ad3f4b1a878b354b7b286278ac6130c08eb18055a5931dc75556ae2c0f0ae070985a3572fc32f68dcaf2ddf6ddedf823ab159ee2f135aa53c5d6f712565b2fb96ff0089f1ff00ed89ff002763f103febac1ff00a4d05152ebfe0af897fb517c4cf10f8ff46f87baa4169aa949542a9f2142a2200b3481039c20271ebd28afd4e956a5429429549a524926aeb748f879d39d49ca708b69b7d19fadbac687a7f8874e9ac354b1b6d4ac661b65b5bc856589c7a32b020fe35f307c56ff008273fc36f1d79d75e1d371e09d4df247d87f7d685bd4c2c781ec8ca3dabeacfc683f5afcd68626b619de8cdafebb1f61528d3acad52373f22be2b7ec19f157e19f9d736ba52f8b74a4c9fb568799640bfed4040901f5da180f5af9dee2de6b49e48278de19a362af1c8a55948ea083c835fbfb8af3ef89df003e1ffc618197c55e19b2d46e4aed5be54f2ae93d313261f03d338f6afa8c37114e3eee2617f35bfddff0c78b5b2a8bd694adea7e1fe4fad1cd7df5f15ffe097b345e75e7c3cf128997961a5eb836b7d1674183e80320f76af8f3e247c11f1cfc22bb3078b7c357da42eedab72f1efb790ffb332e51be80e6beaf0d9861b17fc29abf6d9fdc78b570b5a87c71d3f0388e7d683f5a31ef463debd1390fd4bff82667fc9bc6a3ff0061fb9ffd130570f267cc7fa9aee3fe0999ff0026f1a8ff00d87ee7ff0044c15c349feb5fea6bf8ff00c58ff7ca5eb3ff00db4fe83e00fe054f48ff00edc379a5e6928fc7f4afc18fd60a9ab78f35cf865a7cde24f0e5847aa6b9658169692c4f2ac8ee447f710866c072700f6ae5e7f873fb577ed3d13c7e22bcb9f0c787ae861edb509069d6e50f556b78c79ae3feba29fad7bdfc0ff0fea7378f749d452c6e1ac21690bdcf96446b98d80f9ba7522bea9fc6bfa53c38c54f0394d4b525ccea36a4d74e58edf73d4fc4f8ce8c7139843df765049a4fade5b9e33fb2afecf92fece1f0eeefc3b3eb4bae5c5e6a0fa8cb3c76e6144668a38f6282c4903cace4e339e82bd9b1477eb47e35f7956acebcdd4a8eed9f2508469c5423b23c7ff685fd9ab45fda3a2f0f5aebdaa5f69f63a4cf2ce63b0d8249b7aa8c6f604281b7d0f5ed537c38fd94be167c2df2a5d17c2162f7d1e08bfd417ed571bbfbc1a4cec3fee6daf5afc68fc6b5fad5654d51537caba11ec69f3fb471d7b89b7028a5fc68ae5361314605145002e39a31451400981505ed85b6a7692dadddbc5756b2aec9219d03a383d8a9e08a28a00f9bbe2b7fc13f3e16fc45f3aeb4bb297c19aa3e489b47c0809ff6a03f263d9367d6be01fda47f65bd6bf670d46ce3d4758b0d66caf49fb34d6aaf1c840cfdf461853c7666a28afb0c931988a95bd8ce6dc7cf5ff827819961e9429f3c63667dc1ff0004ccff009378d47fec60b9ff00d1305714b119aebcb52033bed19e9c9a28afe7ff0015b5c6d15fde9ffed87eb9c05feef57d23ff00b71ecde14fd9be6d46086eb55d59228640184566859883fed30001fc0d7a9f877e10f857c37b5e0d2e3b99d7fe5bde7ef5b3ebcf00fd00a28af6f22c8f2da386a75e34173b57bbd5fcaf7b7c8f2335cd71b56bce94aabe54f65a7e56bfccec9502a80a3007000ed460628a2bed4f990c0cd1814514006051818a28a0038a28a2803fffd9, '2021-12-15', 1, 133, 1, NULL, 'InteliJ', 'Popular', 1, 1),
	(8, 'Material Theme UI', 'Features Make External Themes as a dynamic extension point Add more popups showing an overlay: Recent Files Quick Switchers Branch Chooser and others', 0, 'https://github.com/Kaloyan9696/DeliverIt', _binary 0x526172211a0701003392b5e50a0105060005010180800054f737992b02030b800004800020000000008000000f4164646f6e42696e6172792e7478740a0302886af842e4edd7011d77565103050400, _binary 0xffd8ffe000104a46494600010100000100010000fffe003b43524541544f523a2067642d6a7065672076312e3020287573696e6720494a47204a50454720763632292c207175616c697479203d2039300affdb0043000302020302020303030304030304050805050404050a070706080c0a0c0c0b0a0b0b0d0e12100d0e110e0b0b1016101113141515150c0f171816141812141514ffdb00430103040405040509050509140d0b0d1414141414141414141414141414141414141414141414141414141414141414141414141414141414141414141414141414ffc00011080096009603012200021101031101ffc4001f0000010501010101010100000000000000000102030405060708090a0bffc400b5100002010303020403050504040000017d01020300041105122131410613516107227114328191a1082342b1c11552d1f02433627282090a161718191a25262728292a3435363738393a434445464748494a535455565758595a636465666768696a737475767778797a838485868788898a92939495969798999aa2a3a4a5a6a7a8a9aab2b3b4b5b6b7b8b9bac2c3c4c5c6c7c8c9cad2d3d4d5d6d7d8d9dae1e2e3e4e5e6e7e8e9eaf1f2f3f4f5f6f7f8f9faffc4001f0100030101010101010101010000000000000102030405060708090a0bffc400b51100020102040403040705040400010277000102031104052131061241510761711322328108144291a1b1c109233352f0156272d10a162434e125f11718191a262728292a35363738393a434445464748494a535455565758595a636465666768696a737475767778797a82838485868788898a92939495969798999aa2a3a4a5a6a7a8a9aab2b3b4b5b6b7b8b9bac2c3c4c5c6c7c8c9cad2d3d4d5d6d7d8d9dae2e3e4e5e6e7e8e9eaf2f3f4f5f6f7f8f9faffda000c03010002110311003f00fd51c8a322928a005c8a38a4a28017228c8c525787fed9ff001327f85bfb3d789350b294c1a9dfaae9769229c32bcc76b303d888c48c0fa815b51a52af5234a3bb7633a9354e0e6fa1f197edb7fb625ffc45d7b50f037842fded7c1f66ed05e5d5b3e1b53901c37cc3fe5883c00386c64e4600f8fb22938c50715faee170d4f094952a6b45f8f9b3e12b569d79b9cc5cd19149c668e2bacc4f65fd9aff0069bf10fecf1e2b8e7b5965bef0cdcc83fb474667f9255e85d33c2c80743df183915fb0be12f15e97e38f0ce99afe8b74b79a5ea302dc5bcc9fc4ac33c8ec47420f20820d7e0af18afd1dff00825ffc4c9f56f08f89bc0f772990691325fd88639db14a489107a00ea1beb29af8fcfb030953fad4159adfcd7fc03decb313253f632d9ec7dc79146452515f027d38bc668c8a4a2801734645251400b9145251400ea3148ae1802a41079041a5e6800a28a3f0a00315f1cffc150c4dff000a37c38533e48f1145bfebf66b8dbfd6bec6af14fdb1fe185c7c57fd9fbc4ba5d8c267d52cd1752b38d4659e484ee2a0772c9bd47bb0af432fa91a58ba7396d7472e2a0e742715bd8fc69c9f4a327d28e683935faf1f08193464d1cd1cd001935f647fc12e84c7e3778948cf91ff0008f49bfd377da6df6fe9babe37e6bf48ff00e0983f0c2e345f05788fc71790943ad4c96562586098612dbdc7b348db7eb11af1339a91a7829dfae87a197c1cf111b74d4fb7b028c51473e95f961f6a1819a3028e68fc2800c514735e5be2efda0b44f0edd5cd95a5b5c6a57b03b44e00f2e35653820b1e7a8ec0d79d8ecc70996d3f6b8ba8a0bcfafa2ddfc8ecc2e0f118d9f261e0e4ff00adfb1ea5c515f325e7c7ff00146af787eccf6fa64206424110727ea5f39fc00a2be43fd76cb1b7c919b5decbf5699f45feac6397c4e29f6bbfd11f9e1f0abf6a2f897f071a28bc3fe26b83a6c78ff895df9fb45ae3d0237dcfaa153ef5f64fc28ff829df87f57f26cfc7fa0cda05c9c06d474bcdc5b13dcb467f7883d86f35f9bff8d1f8d7f4ce272cc2e2b59c2cfbad1ff5ea7e3347195e87c32d3b33f76fc0df12fc2df1334c1a8785b5fb0d72d70371b3983b479ecebf790fb3006ba6e6bf03b41f10ea9e16d4e1d4746d4eef49d422398eeaca668654fa3290457d4bf0a7fe0a41f10fc17e4da78a6dedbc6ba72e01927ff47bc03da551b5bfe04849f5af94c4f0ed687bd879732ecf47fe5f91edd1cd612d2aab1fa99cd2735f3ffc28fdb8fe157c53f26dff00b6ff00e119d5a4c0fb06bb8832de8b2e4c6dcf41b813e95efd1ba4b1aba387461956539047a835f315a855a12e5ab169f99ecd3a90aaaf0773f34bf6ddfd8d750f06eb7a8f8fbc1560f77e19bb76b8d42c2d932da7c87977551ff2c49c9e3ee73d1718f8b8e7d6bf7fc804107915f3bfc58fd843e15fc51bb9b504d3a7f0beab292cf75a1bac49237ab44414fa90149ee6beb32fcfbd94152c526edd57ebfe67878acb39e4e747eeff0023f223f1a306bf42ee3fe095162d73983e24dc47067ee49a32bb63fde1381fa57a1fc3bff826dfc33f095dc577aedcea5e2fb88c8610de4820b6247731c7863f42e41f4af6a79ee0a31bc64df924ff005b1e7472dc4c9d9ab7ccf88bf662fd967c43fb43789a26114da77846da41fda1ac32e1703ac516786908fa85ce4f607f5f7c33e1ad3bc1de1fd3f44d1ed63b1d2f4f812dadade3e888a3007b9f5279279353691a3d8681a65be9da659dbe9d616c82386d6d6258e38d4740aab8007d2adb32a216660aa3924f0057c466398d4c7cef2d22b647d1e13091c2c6cb56fa8ee68e6b89f117c62f0a786f724ba9ade4ebff002c2c879adf4c8f947e2456f784fc47178b7c3d69ab4113c10dc862b1c841600315e71f4af99a598612bd7787a5554a695da4ef65b6b6f53d9a984c452a4ab5483517a26d5ae6c735e4df183f6a4f875f03ae0d9789f5b2babf96255d2ece169ae194f438036ae7070588af58efd6bf35ff006b4f0fd878b3f6f7f07e89aac1f6bd33519748b4ba80b32f9913cdb5d72a4119048c820d7d265d86a78aace356f649bd3c8f1f175a7469a70ddb4b53a1f1b7fc14c7c41e25befecaf867e086fb44c76433ea41ae6e1ffddb78b807fe04df4ad1b1bed5753b2b7bcd7637875bb88d66bf8e58bca65b86199014c0da4316f97031d2bed1f04fc33f0a7c38b1fb2785fc3da768501186fb15b2c6cffefb01b98fbb126be7efdb13c05a7f80fe0178ebc57a54d7516bc668258ef3ce20c265bc8838403007caec39c9e7ad7c471764cf89bead83cba0a9da5aca4df5b2ecfee3ea387b338e48ebe2317273bc74492e9af91c4e83a65e6a53c82d2d27ba2abf37931b3e391d7028af4dff00827ede4fa87ecd1a35c5d4f25cdc497b785e599cbbb1f3dba93c9a2be4ff00e21f4308e542a621b716d5d46cbf33de97174b116ab0a364d757ff0000fc8ee3d68e3d68a38afebd3f010e3d68e28e3349400bc7ad7a6fc2cfda4be22fc1c78d7c33e27bb82c14e4e9b727cfb423b8f29f2173eab83ef5e65c5256752942ac796a24d7997194a0ef17667e8b7c29ff00829f691a879367f10bc3b269531c2b6a7a3665833ead0b1dea3fdd2e7dabebff00007c57f07fc53d3fedbe13f11586b9081975b6947991ff00bf19c3a1f6602bf0af8ab9a46b37fe1fd421bfd2efee74dbe84ee8ae6d2568a543eaaca411f857cd62787f0f575a2f91fde8f5e8e69561a545ccbf13f7d314d7658d4b310aa39249c015f38fec11f127c4bf13fe064da978a7569b59d42db569ace3bab80be6794b1c4ca1880371cbb727279eb5e7be22f1b6bbe2795ffb4f54b8b94cff00aa2fb631f44185fd2bf15e27cee1c33254eac1ce4db4acecb4b6ef7ebd8fd1f23cae59da7384b962ad7beaf5bf4f9773ebbd3bc59a3eafa9cba7d8ea305e5dc49e63c703efdab9039238ea4719cd796fed353c91689a32248e88f3c9bd54901b0a3191deb98fd99bfe46ed4ffebc4ffe8c4af6ff0017f81349f1c0b35d5925961b5767589242818918e48e7b7622bc4857c4f1464351c128ce6ecb5765692ddfa1e94e951c8b368293728c357df55fe67c690c125ccab1c51bcb231c2a20cb13ec057d7bf092c2e34df875a35b5dc125b5c246fba2954ab2e6462320f23822b5bc3da0683a1092df47b3b3b678f0b28b70bbc67a6e3d7f3adae2970d70bbc92a4b133abcf292e5b25a2d53dfaedd90f3bcf566908d18d3e58a77d5ebb7fc1f31315f9cdfb4ab2c5ff0511f00c8e42471dde8b23b3701544e0924f6000ce6bebef8e5f12759f055c5859e92f0c1f6a899de668f7ba9040e33c7e60d7ce3aadf4fadeaf36a97f27dab519942497520064651d173e83b0e95db8ee3cc370fe2aa61e145d4a8934f5e54ae975d5bfbbe66184e14ad9bd0856954508377eef47db4fccfaf2dbe29786f50f10dae8b657e2faf6e18aafd9d4b46b852dcbf4e80f4cd7957edefff0026a3e36fad8ffe96c15c47c14ff929fa1ffbf27fe8a7aee3f6f8ff009350f1b7d6c7ff004b60af4782b38af9ddb115e29355124976f75f5f538b89b2da595b746936ef0bbbf7d7fc8cbff8278ffc9afe85ff005f979ffa3da8a5ff0082787fc9afe85ff5f979ff00a3da8afb2cc3fdeeaff89fe67cd617f810f447e49e7da973ed4873e9473e95faf9f082e7da8cfb52739e9460fa5002e7da933ed463da8c7b5002e7da933ed460d183401fa97ff04ccff9378d47fec60b9ffd130570f213e63fd4d771ff0004ccff009378d47fec60b9ff00d130570f267cc7fa9afe40f163fdf297acff00f6d3fa0f807f8153d23ffb71d47c3cf1fcff000f750bcbdb6b48eee69e0f2544ac42afcc0e481d7a74c8a9fc47f173c53e26deb71a9c96d6edff002c2cff007498f4e3923ea4d71dcd1cd7e331cd31b4f0eb090aad5357d13b6fdedbfccfd26580c2ceb3c44a9a73eef5dbd76f91d87847f698f03fecff00a0ea5ff095de5d7dbaf65596dac6cad9a59a755043107841c91f798579878bbfe0a4be33f1bea0747f861e0631dc4b958a4b98defaedc7aac318014fd778af54f869fb38781be345e4bacf8c34d9b56934b6586ded4dc3c7010df312c1082c7207538f6afa7bc27e05f0f780f4f163e1cd0b4fd0ed06331585b2421bdced0327dcf35fd45c1b5f054321c33953739d9deef4f89fdff33f0ae24a788a99b574a6a31badb7f851f08785c7c5dba867d4fe2dfdbd350be60f6115f18d0a4407cd88530221923820135b8324e00249ed5f5e78e3e1669de3fd56c6ef52b8b848ed636410c042efc9cf2483fa569f87bc01e1ff000b053a6e956f04a3a4ccbbe4ff00bedb27f5afcef3be14c66799cd7c6b71a74e4d5adaed14b45f2ead1f6196710e1f2bcb696192739c53bf4eadefff0000f04f82de06d7d3c6ba56ad2e9771069d033b3cf32f96306360301b04f2474cd6d7edf07fe3147c6df5b1ff00d2d82be81e457cfbfb7b9cfeca1e36fad8ff00e96c15fa370b64d4b23953c3d29395e69b6fbe8b4f2d3ccf8ccf732a99a73d6a914ad16925db57fa99bff04f138fd97f42ff00afcbcffd1ed451ff0004f1cffc32fe85ff005f979ffa3da8afa2cc3fdeeaff0089fe678d85fe043d11f9278f7a31ef471eb457ebe7c207e347e3477a38a003f1a3b75a28e2800fc683f5a38f5a0fd6803f52bfe0999ff26f3a8ffd8c173ffa260ae1e5ff005aff00535dc7fc1333fe4de351ff00b182e7ff0044c15c449feb1fea6bf8ff00c58ff7ca5eb3ff00db4fe83e00fe055f48ff00edc328a5a3f1afc18fd60ee7c01f15aefe1e693a85b595943713dd48ae259d8ed4c023ee8c67f315bfe05f893e23f177c48d123d475395ad9a639b68bf7717dd6e0a8c67f1cd793f6aecfe0ea33fc49d0f6a96c4a49c7381b1b9afaacab34c6cf1185c27b57ecd4e29453b2f893d6dbfcee7cfe6180c2c68e2313ecd73b8cb57abf87cf6f91f5df7af27f8a9f1aae7c0fac369363a74535c88964fb45c39d833d06d1827f3af59c57cb9fb430ff8b8d2ff00d7ac5fc8d7ed9c5d8fc4e5d96fb6c2cf964e495f4d9dfb9f9870ee1286371becf111e68a4ddbee39df10fc52f13f89f72de6ad3240dff2c2dcf9498f421719fc735e0bf183f6adf1f7ed1fa06a1f0c7c2be0432698ed1413ad9c72dede49e4c8acadb9405405a304e54f1debdd3c3ff0e7c47e282a74fd2ae2489ba4f20f2e3c7fbcd807f0afad7c2be1cb2f0be876b6163616ba74691aef8ad2258d37e06e38500649ef5e5f8758ac4d2ad88c663a9ca6da8f2ca4ddae9bdafbf43d0e31a387953a386c2ca314b9b9946de5bdb63c8bf62ef87de20f865f00345d0bc4da73e95ab25c5cccf6b23a3b22bcaccb9da4804820e3391de8af73c515fa7d6aaebd495596eddfef3e129c1538282e87f3ff0081460519fa519fa57ed07e7c1819a3028fca8cfd2800a3031467d8519f61400605181467e9467e9401fa97ff0004ccff009378d47fec60b9ff00d130570d263cd7fa9aee3fe0999ff26f1a8ffd87ee7ff44c15c3ca7f78fd3a9afe40f163fdf297acff00f6d3fa0f803f8157d23ffb70de2ba2f027832e3c79af2e976b3c56cfe5b4ad24b92028c6700753cd73b9fa57a87ece9ff2508ffd79cbfcd6bf1dc9b0d4f199850c3d6578ca493f43f45ccabcf0d83ab5a9bf7a29b47a4f877f672f0f699b64d4e79f569475563e547ff7caf3ff008f57a4e91a0e9ba05b8874eb1b7b28fb88230b9fae3afe357f22be62f8e1e33d6d3c73aae929a9dc43a743e504b789f62e0c48c738c6ee49eb9afdf71f532de13c22c451c3ad5f2ab5af7b37ac9eb6d3ccfc8f090c6f10e21d1a95b657d76dd2d12d3af91f41def8d343b0d4adf4f9b53b717d3c8b1476e8fba42c4e002a3247d4d4d3785b48b9d5db549b4eb79efca85fb44b1866503a633d3f0af91fe1b73f103c3ddffd3a1ffd0c57d979155c3d9c3e21a352ad7a49284b45bf4deefafa242ce32d593d4853a551b725abdbafe42f007a0aab6baa595f5c4f05bddc33cd063cd8e39033479ce3701d3383d7d2be46f17fc47f11ebf7d7505dead3fd9848ca2088f971e0123042e33f8e6b87bdf077c64f1e14d23e166b5fd81612e7fb62fbed4b6db3fe78fcea0ca3fe5aff00ab1f5ed5cd95715d2ce336a796d1872465cd7949db68b7b2bef6ee6f8fe1fa99765f3c6d59f3495ad18aeed2ddfaf63edbf137c43f0b7829a24f10789349d0de5ff56ba8dec7017fa07619a2bf19fe2af81354f867f173c41e19d6b55fedbd56c360b8bfdccde73bc71c84e5be638df8c9eb8a2bf7186414a5052f6addd5f6ee7e612cd26a4d725ac79b67da9735d578fbe15f8bfe176a3f62f15f876ff439c9211aea222393fdc90655c7ba935caf35f6f19c66b9a2ee8f9d69c5da4833ed49f9d2f3473542133f5a33f5a5e68e6801327de8cfd6979a439a00fd4bff0082667fc9bc6a3ff6305cff00e8982b8793fd63fd4d76ff00f04ccff9379d47fec60b9ffd1305711267cc7fa9afe41f163fdf297acfff006d3fa0f807f8153d23ff00b70ccd7a8fecebff00250cff00d79cbfcd6bcbb9af41f821af587873c66f7ba9dd259daada48be6487a92570001c93ec2bf24c8270a59ae1e73764a4aede88fd033784a780ad182bb7167d5f93e95e01fb487c3b834ef047c41f1da5f4e354b5d2e5bab589554471c91c20296c83bb95cf6aeef47f8dda2f88fc5763a26970dcdc9b9661f6a75f2d06159b201e4fddee075aa5fb517fc9bafc46ff00b01dd7fe8b35fd2d416599fb845f2d68466bcd5ff27a3f35a9f88d478eca399abd394a2fc9dbf35aaf53c6bfe09c1ad5e78bbe12f88758d625fb7ea635f9601752a2ef58c5b5bb04040e172cc7038c93eb5f5b64d7c77ff04bdff9215e22ff00b1926ffd25b6afb0ebe931d428e1b1352950828c53d124925f2478f87ab52b518d4ab272935bb777f79f02fed7bfdb3fb3d685a3ea56f2595fdeeb5773c7b1d18a401406cf50589dded8c77afb2fe16f8634cf0ff84f4eb8d3ed04135f5a4135c4818932314072724f763c7bd7c8dff0551ff9147c03ff005fd75ffa2d2babd63fe0a1ff000cbe1ff84f4ad3f4b1a878b354b7b286278ac6130c08eb18055a5931dc75556ae2c0f0ae070985a3572fc32f68dcaf2ddf6ddedf823ab159ee2f135aa53c5d6f712565b2fb96ff0089f1ff00ed89ff002763f103febac1ff00a4d05152ebfe0af897fb517c4cf10f8ff46f87baa4169aa949542a9f2142a2200b3481039c20271ebd28afd4e956a5429429549a524926aeb748f879d39d49ca708b69b7d19fadbac687a7f8874e9ac354b1b6d4ac661b65b5bc856589c7a32b020fe35f307c56ff008273fc36f1d79d75e1d371e09d4df247d87f7d685bd4c2c781ec8ca3dabeacfc683f5afcd68626b619de8cdafebb1f61528d3acad52373f22be2b7ec19f157e19f9d736ba52f8b74a4c9fb568799640bfed4040901f5da180f5af9dee2de6b49e48278de19a362af1c8a55948ea083c835fbfb8af3ef89df003e1ffc618197c55e19b2d46e4aed5be54f2ae93d313261f03d338f6afa8c37114e3eee2617f35bfddff0c78b5b2a8bd694adea7e1fe4fad1cd7df5f15ffe097b345e75e7c3cf128997961a5eb836b7d1674183e80320f76af8f3e247c11f1cfc22bb3078b7c357da42eedab72f1efb790ffb332e51be80e6beaf0d9861b17fc29abf6d9fdc78b570b5a87c71d3f0388e7d683f5a31ef463debd1390fd4bff82667fc9bc6a3ff0061fb9ffd130570f267cc7fa9aee3fe0999ff0026f1a8ff00d87ee7ff0044c15c349feb5fea6bf8ff00c58ff7ca5eb3ff00db4fe83e00fe054f48ff00edc379a5e6928fc7f4afc18fd60a9ab78f35cf865a7cde24f0e5847aa6b9658169692c4f2ac8ee447f710866c072700f6ae5e7f873fb577ed3d13c7e22bcb9f0c787ae861edb509069d6e50f556b78c79ae3feba29fad7bdfc0ff0fea7378f749d452c6e1ac21690bdcf96446b98d80f9ba7522bea9fc6bfa53c38c54f0394d4b525ccea36a4d74e58edf73d4fc4f8ce8c7139843df765049a4fade5b9e33fb2afecf92fece1f0eeefc3b3eb4bae5c5e6a0fa8cb3c76e6144668a38f6282c4903cace4e339e82bd9b1477eb47e35f7956acebcdd4a8eed9f2508469c5423b23c7ff685fd9ab45fda3a2f0f5aebdaa5f69f63a4cf2ce63b0d8249b7aa8c6f604281b7d0f5ed537c38fd94be167c2df2a5d17c2162f7d1e08bfd417ed571bbfbc1a4cec3fee6daf5afc68fc6b5fad5654d51537caba11ec69f3fb471d7b89b7028a5fc68ae5361314605145002e39a31451400981505ed85b6a7692dadddbc5756b2aec9219d03a383d8a9e08a28a00f9bbe2b7fc13f3e16fc45f3aeb4bb297c19aa3e489b47c0809ff6a03f263d9367d6be01fda47f65bd6bf670d46ce3d4758b0d66caf49fb34d6aaf1c840cfdf461853c7666a28afb0c931988a95bd8ce6dc7cf5ff827819961e9429f3c63667dc1ff0004ccff009378d47fec60b9ff00d1305714b119aebcb52033bed19e9c9a28afe7ff0015b5c6d15fde9ffed87eb9c05feef57d23ff00b71ecde14fd9be6d46086eb55d59228640184566859883fed30001fc0d7a9f877e10f857c37b5e0d2e3b99d7fe5bde7ef5b3ebcf00fd00a28af6f22c8f2da386a75e34173b57bbd5fcaf7b7c8f2335cd71b56bce94aabe54f65a7e56bfccec9502a80a3007000ed460628a2bed4f990c0cd1814514006051818a28a0038a28a2803fffd9, '2021-12-15', 1, 134, 1, NULL, 'InteliJ', 'Popular', 1, 5),
	(9, 'Kotlin', 'The Kotlin plugin provides language support in IntelliJ IDEA and Android Studio.', 0, 'https://github.com/Kaloyan9696/Addonis/', _binary 0x526172211a0701003392b5e50a0105060005010180800054f737992b02030b800004800020000000008000000f4164646f6e42696e6172792e7478740a0302886af842e4edd7011d77565103050400, _binary 0xffd8ffe000104a46494600010100000100010000fffe003b43524541544f523a2067642d6a7065672076312e3020287573696e6720494a47204a50454720763632292c207175616c697479203d2039300affdb0043000302020302020303030304030304050805050404050a070706080c0a0c0c0b0a0b0b0d0e12100d0e110e0b0b1016101113141515150c0f171816141812141514ffdb00430103040405040509050509140d0b0d1414141414141414141414141414141414141414141414141414141414141414141414141414141414141414141414141414ffc00011080096009603012200021101031101ffc4001f0000010501010101010100000000000000000102030405060708090a0bffc400b5100002010303020403050504040000017d01020300041105122131410613516107227114328191a1082342b1c11552d1f02433627282090a161718191a25262728292a3435363738393a434445464748494a535455565758595a636465666768696a737475767778797a838485868788898a92939495969798999aa2a3a4a5a6a7a8a9aab2b3b4b5b6b7b8b9bac2c3c4c5c6c7c8c9cad2d3d4d5d6d7d8d9dae1e2e3e4e5e6e7e8e9eaf1f2f3f4f5f6f7f8f9faffc4001f0100030101010101010101010000000000000102030405060708090a0bffc400b51100020102040403040705040400010277000102031104052131061241510761711322328108144291a1b1c109233352f0156272d10a162434e125f11718191a262728292a35363738393a434445464748494a535455565758595a636465666768696a737475767778797a82838485868788898a92939495969798999aa2a3a4a5a6a7a8a9aab2b3b4b5b6b7b8b9bac2c3c4c5c6c7c8c9cad2d3d4d5d6d7d8d9dae2e3e4e5e6e7e8e9eaf2f3f4f5f6f7f8f9faffda000c03010002110311003f00fd51c8a322928a005c8a38a4a28017228c8c525787fed9ff001327f85bfb3d789350b294c1a9dfaae9769229c32bcc76b303d888c48c0fa815b51a52af5234a3bb7633a9354e0e6fa1f197edb7fb625ffc45d7b50f037842fded7c1f66ed05e5d5b3e1b53901c37cc3fe5883c00386c64e4600f8fb22938c50715faee170d4f094952a6b45f8f9b3e12b569d79b9cc5cd19149c668e2bacc4f65fd9aff0069bf10fecf1e2b8e7b5965bef0cdcc83fb474667f9255e85d33c2c80743df183915fb0be12f15e97e38f0ce99afe8b74b79a5ea302dc5bcc9fc4ac33c8ec47420f20820d7e0af18afd1dff00825ffc4c9f56f08f89bc0f772990691325fd88639db14a489107a00ea1beb29af8fcfb030953fad4159adfcd7fc03decb313253f632d9ec7dc79146452515f027d38bc668c8a4a2801734645251400b9145251400ea3148ae1802a41079041a5e6800a28a3f0a00315f1cffc150c4dff000a37c38533e48f1145bfebf66b8dbfd6bec6af14fdb1fe185c7c57fd9fbc4ba5d8c267d52cd1752b38d4659e484ee2a0772c9bd47bb0af432fa91a58ba7396d7472e2a0e742715bd8fc69c9f4a327d28e683935faf1f08193464d1cd1cd001935f647fc12e84c7e3778948cf91ff0008f49bfd377da6df6fe9babe37e6bf48ff00e0983f0c2e345f05788fc71790943ad4c96562586098612dbdc7b348db7eb11af1339a91a7829dfae87a197c1cf111b74d4fb7b028c51473e95f961f6a1819a3028e68fc2800c514735e5be2efda0b44f0edd5cd95a5b5c6a57b03b44e00f2e35653820b1e7a8ec0d79d8ecc70996d3f6b8ba8a0bcfafa2ddfc8ecc2e0f118d9f261e0e4ff00adfb1ea5c515f325e7c7ff00146af787eccf6fa64206424110727ea5f39fc00a2be43fd76cb1b7c919b5decbf5699f45feac6397c4e29f6bbfd11f9e1f0abf6a2f897f071a28bc3fe26b83a6c78ff895df9fb45ae3d0237dcfaa153ef5f64fc28ff829df87f57f26cfc7fa0cda05c9c06d474bcdc5b13dcb467f7883d86f35f9bff8d1f8d7f4ce272cc2e2b59c2cfbad1ff5ea7e3347195e87c32d3b33f76fc0df12fc2df1334c1a8785b5fb0d72d70371b3983b479ecebf790fb3006ba6e6bf03b41f10ea9e16d4e1d4746d4eef49d422398eeaca668654fa3290457d4bf0a7fe0a41f10fc17e4da78a6dedbc6ba72e01927ff47bc03da551b5bfe04849f5af94c4f0ed687bd879732ecf47fe5f91edd1cd612d2aab1fa99cd2735f3ffc28fdb8fe157c53f26dff00b6ff00e119d5a4c0fb06bb8832de8b2e4c6dcf41b813e95efd1ba4b1aba387461956539047a835f315a855a12e5ab169f99ecd3a90aaaf0773f34bf6ddfd8d750f06eb7a8f8fbc1560f77e19bb76b8d42c2d932da7c87977551ff2c49c9e3ee73d1718f8b8e7d6bf7fc804107915f3bfc58fd843e15fc51bb9b504d3a7f0beab292cf75a1bac49237ab44414fa90149ee6beb32fcfbd94152c526edd57ebfe67878acb39e4e747eeff0023f223f1a306bf42ee3fe095162d73983e24dc47067ee49a32bb63fde1381fa57a1fc3bff826dfc33f095dc577aedcea5e2fb88c8610de4820b6247731c7863f42e41f4af6a79ee0a31bc64df924ff005b1e7472dc4c9d9ab7ccf88bf662fd967c43fb43789a26114da77846da41fda1ac32e1703ac516786908fa85ce4f607f5f7c33e1ad3bc1de1fd3f44d1ed63b1d2f4f812dadade3e888a3007b9f5279279353691a3d8681a65be9da659dbe9d616c82386d6d6258e38d4740aab8007d2adb32a216660aa3924f0057c466398d4c7cef2d22b647d1e13091c2c6cb56fa8ee68e6b89f117c62f0a786f724ba9ade4ebff002c2c879adf4c8f947e2456f784fc47178b7c3d69ab4113c10dc862b1c841600315e71f4af99a598612bd7787a5554a695da4ef65b6b6f53d9a984c452a4ab5483517a26d5ae6c735e4df183f6a4f875f03ae0d9789f5b2babf96255d2ece169ae194f438036ae7070588af58efd6bf35ff006b4f0fd878b3f6f7f07e89aac1f6bd33519748b4ba80b32f9913cdb5d72a4119048c820d7d265d86a78aace356f649bd3c8f1f175a7469a70ddb4b53a1f1b7fc14c7c41e25befecaf867e086fb44c76433ea41ae6e1ffddb78b807fe04df4ad1b1bed5753b2b7bcd7637875bb88d66bf8e58bca65b86199014c0da4316f97031d2bed1f04fc33f0a7c38b1fb2785fc3da768501186fb15b2c6cffefb01b98fbb126be7efdb13c05a7f80fe0178ebc57a54d7516bc668258ef3ce20c265bc8838403007caec39c9e7ad7c471764cf89bead83cba0a9da5aca4df5b2ecfee3ea387b338e48ebe2317273bc74492e9af91c4e83a65e6a53c82d2d27ba2abf37931b3e391d7028af4dff00827ede4fa87ecd1a35c5d4f25cdc497b785e599cbbb1f3dba93c9a2be4ff00e21f4308e542a621b716d5d46cbf33de97174b116ab0a364d757ff0000fc8ee3d68e3d68a38afebd3f010e3d68e28e3349400bc7ad7a6fc2cfda4be22fc1c78d7c33e27bb82c14e4e9b727cfb423b8f29f2173eab83ef5e65c5256752942ac796a24d7997194a0ef17667e8b7c29ff00829f691a879367f10bc3b269531c2b6a7a3665833ead0b1dea3fdd2e7dabebff00007c57f07fc53d3fedbe13f11586b9081975b6947991ff00bf19c3a1f6602bf0af8ab9a46b37fe1fd421bfd2efee74dbe84ee8ae6d2568a543eaaca411f857cd62787f0f575a2f91fde8f5e8e69561a545ccbf13f7d314d7658d4b310aa39249c015f38fec11f127c4bf13fe064da978a7569b59d42db569ace3bab80be6794b1c4ca1880371cbb727279eb5e7be22f1b6bbe2795ffb4f54b8b94cff00aa2fb631f44185fd2bf15e27cee1c33254eac1ce4db4acecb4b6ef7ebd8fd1f23cae59da7384b962ad7beaf5bf4f9773ebbd3bc59a3eafa9cba7d8ea305e5dc49e63c703efdab9039238ea4719cd796fed353c91689a32248e88f3c9bd54901b0a3191deb98fd99bfe46ed4ffebc4ffe8c4af6ff0017f81349f1c0b35d5925961b5767589242818918e48e7b7622bc4857c4f1464351c128ce6ecb5765692ddfa1e94e951c8b368293728c357df55fe67c690c125ccab1c51bcb231c2a20cb13ec057d7bf092c2e34df875a35b5dc125b5c246fba2954ab2e6462320f23822b5bc3da0683a1092df47b3b3b678f0b28b70bbc67a6e3d7f3adae2970d70bbc92a4b133abcf292e5b25a2d53dfaedd90f3bcf566908d18d3e58a77d5ebb7fc1f31315f9cdfb4ab2c5ff0511f00c8e42471dde8b23b3701544e0924f6000ce6bebef8e5f12759f055c5859e92f0c1f6a899de668f7ba9040e33c7e60d7ce3aadf4fadeaf36a97f27dab519942497520064651d173e83b0e95db8ee3cc370fe2aa61e145d4a8934f5e54ae975d5bfbbe66184e14ad9bd0856954508377eef47db4fccfaf2dbe29786f50f10dae8b657e2faf6e18aafd9d4b46b852dcbf4e80f4cd7957edefff0026a3e36fad8ffe96c15c47c14ff929fa1ffbf27fe8a7aee3f6f8ff009350f1b7d6c7ff004b60af4782b38af9ddb115e29355124976f75f5f538b89b2da595b746936ef0bbbf7d7fc8cbff8278ffc9afe85ff005f979ffa3da8a5ff0082787fc9afe85ff5f979ff00a3da8afb2cc3fdeeaff89fe67cd617f810f447e49e7da973ed4873e9473e95faf9f082e7da8cfb52739e9460fa5002e7da933ed463da8c7b5002e7da933ed460d183401fa97ff04ccff9378d47fec60b9ffd130570f213e63fd4d771ff0004ccff009378d47fec60b9ff00d130570f267cc7fa9afe40f163fdf297acff00f6d3fa0f807f8153d23ffb71d47c3cf1fcff000f750bcbdb6b48eee69e0f2544ac42afcc0e481d7a74c8a9fc47f173c53e26deb71a9c96d6edff002c2cff007498f4e3923ea4d71dcd1cd7e331cd31b4f0eb090aad5357d13b6fdedbfccfd26580c2ceb3c44a9a73eef5dbd76f91d87847f698f03fecff00a0ea5ff095de5d7dbaf65596dac6cad9a59a755043107841c91f798579878bbfe0a4be33f1bea0747f861e0631dc4b958a4b98defaedc7aac318014fd778af54f869fb38781be345e4bacf8c34d9b56934b6586ded4dc3c7010df312c1082c7207538f6afa7bc27e05f0f780f4f163e1cd0b4fd0ed06331585b2421bdced0327dcf35fd45c1b5f054321c33953739d9deef4f89fdff33f0ae24a788a99b574a6a31badb7f851f08785c7c5dba867d4fe2dfdbd350be60f6115f18d0a4407cd88530221923820135b8324e00249ed5f5e78e3e1669de3fd56c6ef52b8b848ed636410c042efc9cf2483fa569f87bc01e1ff000b053a6e956f04a3a4ccbbe4ff00bedb27f5afcef3be14c66799cd7c6b71a74e4d5adaed14b45f2ead1f6196710e1f2bcb696192739c53bf4eadefff0000f04f82de06d7d3c6ba56ad2e9771069d033b3cf32f96306360301b04f2474cd6d7edf07fe3147c6df5b1ff00d2d82be81e457cfbfb7b9cfeca1e36fad8ff00e96c15fa370b64d4b23953c3d29395e69b6fbe8b4f2d3ccf8ccf732a99a73d6a914ad16925db57fa99bff04f138fd97f42ff00afcbcffd1ed451ff0004f1cffc32fe85ff005f979ffa3da8afa2cc3fdeeaff0089fe678d85fe043d11f9278f7a31ef471eb457ebe7c207e347e3477a38a003f1a3b75a28e2800fc683f5a38f5a0fd6803f52bfe0999ff26f3a8ffd8c173ffa260ae1e5ff005aff00535dc7fc1333fe4de351ff00b182e7ff0044c15c449feb1fea6bf8ff00c58ff7ca5eb3ff00db4fe83e00fe055f48ff00edc328a5a3f1afc18fd60ee7c01f15aefe1e693a85b595943713dd48ae259d8ed4c023ee8c67f315bfe05f893e23f177c48d123d475395ad9a639b68bf7717dd6e0a8c67f1cd793f6aecfe0ea33fc49d0f6a96c4a49c7381b1b9afaacab34c6cf1185c27b57ecd4e29453b2f893d6dbfcee7cfe6180c2c68e2313ecd73b8cb57abf87cf6f91f5df7af27f8a9f1aae7c0fac369363a74535c88964fb45c39d833d06d1827f3af59c57cb9fb430ff8b8d2ff00d7ac5fc8d7ed9c5d8fc4e5d96fb6c2cf964e495f4d9dfb9f9870ee1286371becf111e68a4ddbee39df10fc52f13f89f72de6ad3240dff2c2dcf9498f421719fc735e0bf183f6adf1f7ed1fa06a1f0c7c2be0432698ed1413ad9c72dede49e4c8acadb9405405a304e54f1debdd3c3ff0e7c47e282a74fd2ae2489ba4f20f2e3c7fbcd807f0afad7c2be1cb2f0be876b6163616ba74691aef8ad2258d37e06e38500649ef5e5f8758ac4d2ad88c663a9ca6da8f2ca4ddae9bdafbf43d0e31a387953a386c2ca314b9b9946de5bdb63c8bf62ef87de20f865f00345d0bc4da73e95ab25c5cccf6b23a3b22bcaccb9da4804820e3391de8af73c515fa7d6aaebd495596eddfef3e129c1538282e87f3ff0081460519fa519fa57ed07e7c1819a3028fca8cfd2800a3031467d8519f61400605181467e9467e9401fa97ff0004ccff009378d47fec60b9ff00d130570d263cd7fa9aee3fe0999ff26f1a8ffd87ee7ff44c15c3ca7f78fd3a9afe40f163fdf297acff00f6d3fa0f803f8157d23ffb70de2ba2f027832e3c79af2e976b3c56cfe5b4ad24b92028c6700753cd73b9fa57a87ece9ff2508ffd79cbfcd6bf1dc9b0d4f199850c3d6578ca493f43f45ccabcf0d83ab5a9bf7a29b47a4f877f672f0f699b64d4e79f569475563e547ff7caf3ff008f57a4e91a0e9ba05b8874eb1b7b28fb88230b9fae3afe357f22be62f8e1e33d6d3c73aae929a9dc43a743e504b789f62e0c48c738c6ee49eb9afdf71f532de13c22c451c3ad5f2ab5af7b37ac9eb6d3ccfc8f090c6f10e21d1a95b657d76dd2d12d3af91f41def8d343b0d4adf4f9b53b717d3c8b1476e8fba42c4e002a3247d4d4d3785b48b9d5db549b4eb79efca85fb44b1866503a633d3f0af91fe1b73f103c3ddffd3a1ffd0c57d979155c3d9c3e21a352ad7a49284b45bf4deefafa242ce32d593d4853a551b725abdbafe42f007a0aab6baa595f5c4f05bddc33cd063cd8e39033479ce3701d3383d7d2be46f17fc47f11ebf7d7505dead3fd9848ca2088f971e0123042e33f8e6b87bdf077c64f1e14d23e166b5fd81612e7fb62fbed4b6db3fe78fcea0ca3fe5aff00ab1f5ed5cd95715d2ce336a796d1872465cd7949db68b7b2bef6ee6f8fe1fa99765f3c6d59f3495ad18aeed2ddfaf63edbf137c43f0b7829a24f10789349d0de5ff56ba8dec7017fa07619a2bf19fe2af81354f867f173c41e19d6b55fedbd56c360b8bfdccde73bc71c84e5be638df8c9eb8a2bf7186414a5052f6addd5f6ee7e612cd26a4d725ac79b67da9735d578fbe15f8bfe176a3f62f15f876ff439c9211aea222393fdc90655c7ba935caf35f6f19c66b9a2ee8f9d69c5da4833ed49f9d2f3473542133f5a33f5a5e68e6801327de8cfd6979a439a00fd4bff0082667fc9bc6a3ff6305cff00e8982b8793fd63fd4d76ff00f04ccff9379d47fec60b9ffd1305711267cc7fa9afe41f163fdf297acfff006d3fa0f807f8153d23ff00b70ccd7a8fecebff00250cff00d79cbfcd6bcbb9af41f821af587873c66f7ba9dd259daada48be6487a92570001c93ec2bf24c8270a59ae1e73764a4aede88fd033784a780ad182bb7167d5f93e95e01fb487c3b834ef047c41f1da5f4e354b5d2e5bab589554471c91c20296c83bb95cf6aeef47f8dda2f88fc5763a26970dcdc9b9661f6a75f2d06159b201e4fddee075aa5fb517fc9bafc46ff00b01dd7fe8b35fd2d416599fb845f2d68466bcd5ff27a3f35a9f88d478eca399abd394a2fc9dbf35aaf53c6bfe09c1ad5e78bbe12f88758d625fb7ea635f9601752a2ef58c5b5bb04040e172cc7038c93eb5f5b64d7c77ff04bdff9215e22ff00b1926ffd25b6afb0ebe931d428e1b1352950828c53d124925f2478f87ab52b518d4ab272935bb777f79f02fed7bfdb3fb3d685a3ea56f2595fdeeb5773c7b1d18a401406cf50589dded8c77afb2fe16f8634cf0ff84f4eb8d3ed04135f5a4135c4818932314072724f763c7bd7c8dff0551ff9147c03ff005fd75ffa2d2babd63fe0a1ff000cbe1ff84f4ad3f4b1a878b354b7b286278ac6130c08eb18055a5931dc75556ae2c0f0ae070985a3572fc32f68dcaf2ddf6ddedf823ab159ee2f135aa53c5d6f712565b2fb96ff0089f1ff00ed89ff002763f103febac1ff00a4d05152ebfe0af897fb517c4cf10f8ff46f87baa4169aa949542a9f2142a2200b3481039c20271ebd28afd4e956a5429429549a524926aeb748f879d39d49ca708b69b7d19fadbac687a7f8874e9ac354b1b6d4ac661b65b5bc856589c7a32b020fe35f307c56ff008273fc36f1d79d75e1d371e09d4df247d87f7d685bd4c2c781ec8ca3dabeacfc683f5afcd68626b619de8cdafebb1f61528d3acad52373f22be2b7ec19f157e19f9d736ba52f8b74a4c9fb568799640bfed4040901f5da180f5af9dee2de6b49e48278de19a362af1c8a55948ea083c835fbfb8af3ef89df003e1ffc618197c55e19b2d46e4aed5be54f2ae93d313261f03d338f6afa8c37114e3eee2617f35bfddff0c78b5b2a8bd694adea7e1fe4fad1cd7df5f15ffe097b345e75e7c3cf128997961a5eb836b7d1674183e80320f76af8f3e247c11f1cfc22bb3078b7c357da42eedab72f1efb790ffb332e51be80e6beaf0d9861b17fc29abf6d9fdc78b570b5a87c71d3f0388e7d683f5a31ef463debd1390fd4bff82667fc9bc6a3ff0061fb9ffd130570f267cc7fa9aee3fe0999ff0026f1a8ff00d87ee7ff0044c15c349feb5fea6bf8ff00c58ff7ca5eb3ff00db4fe83e00fe054f48ff00edc379a5e6928fc7f4afc18fd60a9ab78f35cf865a7cde24f0e5847aa6b9658169692c4f2ac8ee447f710866c072700f6ae5e7f873fb577ed3d13c7e22bcb9f0c787ae861edb509069d6e50f556b78c79ae3feba29fad7bdfc0ff0fea7378f749d452c6e1ac21690bdcf96446b98d80f9ba7522bea9fc6bfa53c38c54f0394d4b525ccea36a4d74e58edf73d4fc4f8ce8c7139843df765049a4fade5b9e33fb2afecf92fece1f0eeefc3b3eb4bae5c5e6a0fa8cb3c76e6144668a38f6282c4903cace4e339e82bd9b1477eb47e35f7956acebcdd4a8eed9f2508469c5423b23c7ff685fd9ab45fda3a2f0f5aebdaa5f69f63a4cf2ce63b0d8249b7aa8c6f604281b7d0f5ed537c38fd94be167c2df2a5d17c2162f7d1e08bfd417ed571bbfbc1a4cec3fee6daf5afc68fc6b5fad5654d51537caba11ec69f3fb471d7b89b7028a5fc68ae5361314605145002e39a31451400981505ed85b6a7692dadddbc5756b2aec9219d03a383d8a9e08a28a00f9bbe2b7fc13f3e16fc45f3aeb4bb297c19aa3e489b47c0809ff6a03f263d9367d6be01fda47f65bd6bf670d46ce3d4758b0d66caf49fb34d6aaf1c840cfdf461853c7666a28afb0c931988a95bd8ce6dc7cf5ff827819961e9429f3c63667dc1ff0004ccff009378d47fec60b9ff00d1305714b119aebcb52033bed19e9c9a28afe7ff0015b5c6d15fde9ffed87eb9c05feef57d23ff00b71ecde14fd9be6d46086eb55d59228640184566859883fed30001fc0d7a9f877e10f857c37b5e0d2e3b99d7fe5bde7ef5b3ebcf00fd00a28af6f22c8f2da386a75e34173b57bbd5fcaf7b7c8f2335cd71b56bce94aabe54f65a7e56bfccec9502a80a3007000ed460628a2bed4f990c0cd1814514006051818a28a0038a28a2803fffd9, '2021-12-15', 1, 131, 1, NULL, 'InteliJ', 'Featured', 1, 6),
	(13, 'Microsoft Studio Installer', 'This extension is designed to work with Visual Studio 2017 and Visual Studio 2019.', 0, 'https://github.com/Kaloyan9696/Addonis/', _binary 0x526172211a0701003392b5e50a0105060005010180800054f737992b02030b800004800020000000008000000f4164646f6e42696e6172792e7478740a0302886af842e4edd7011d77565103050400, _binary 0xffd8ffe000104a46494600010100000100010000ffdb004300080606070605080707070909080a0c140d0c0b0b0c1912130f141d1a1f1e1d1a1c1c20242e2720222c231c1c2837292c30313434341f27393d38323c2e333432ffdb0043010909090c0b0c180d0d1832211c213232323232323232323232323232323232323232323232323232323232323232323232323232323232323232323232323232ffc00011080096009603012200021101031101ffc4001c0001000202030100000000000000000000000708050602030401ffc40041100001030301050406060709010000000001000203040506110712213141225161810813147191a12332425292b13453627282a2b21516172437436373c1b3ffc4001a010101010101010100000000000000000000010203050406ffc4001f1101000202020203000000000000000000000111020403122131133251ffda000c03010002110311003f009fd11101111011110111101111011110111101116b526798f452be3756bf5638b4e903c8e1e4ac44cfa6f0e2cf93e9132d951718a464d13258ddbcc7b439a4750792e4a302222022220222202222022c2df32ec7f1b66f5e2ef4b4874d431efd5e7dcc1da3f051fdc7d20f12a5716d1d3dc6b88e4e6442369f37107e4825a45053fd24a8c3bb18cd439bdeeac683fd257aa93d23acaf7015762b8423be2919269f1dd4135a2d0ecdb62c22f4f6c6dbbb68e671d0475ac317f31ecfcd6f314d1cf13658646491bc6ad7b1c0870f0210735f090d0493a01cc95f560f310e388dcc34127d49e5ef0ac45cd37c78f7ce31fd65bdae9ff5f17e30abf5571a9a8fdf7fe6570dd3f74fc17c5f4e18757e934f4e35aea6ed3d5aeaa9c5a28819e304411fdb1f742c835cd7b4398e0e69e441d42aedba7b8fc14bbb390e18a377811f4f269af76a172cf8fac5dbcbdcd18e1c3e4ed7e5b6a222e4f3044440445ade6b99dbb07b0bee55c77e477629e9da7474cfee1dc3bcf41e4107b722c9ad18a5adf70bc56329e11c1a0f1748efbad6f325574ccf6e97ebebe4a5b1ef5a280f00f61d6778f177d9f737e2568994e5776cc6f2fb95da7df79d44513783216fdd60e83e67aac1aa96e72cb24f2ba596474923ceae7bdc4b9c7c49e6b82222088880b60c6b35c8712a81259ee52c31ebaba071de89fef61e1e6342b5f44169b00db4dab2a922b75d98cb65d5dd9682efa198f735c791fd93e44a94f810a8329eb645b5e7fad831ac9aa4b9aed23a3ae91dc41e91c87af83bc8f7a8b129f3d4c7fab67e10abdd57e9351fbeff00ccab0eb5e9307c76591f23edc379e4b8e92bc0d4f86aba71e718fb7a3a1b786bce5defcd3276a8a3367a2258dfd1e3e83ee85ed0034680003c17c8e364313238da1ac600d681d00e4b92e6f8729b9991111191111079ebaba9adb41515d592b62a6a78dd2cb23b935a06a4aa6d9e665579be4d3dca72e6533758e920278451ebc3ccf327bfdc14c9e90995ba8ed1478cd3484495bf4f55a1ff0069a7b2df3771fe155cd1244445504444044440444404444168b629b40764f647596e536f5d2dec1baf71ed4f0f20e3de47007c8f52a57548711c8a7c5329a0bcc04ff979019183edc6783dbe635f3d15d9a5a88ab2921a981e1f0ccc6c91bc727348d41f815161da8888a22220222eaa894414d2cc7946c2e3e435414f36a77a75f769179a8dfde8a19bd962ee0d8fb3c3cc13e6b4e5d95133aa6a659de4974af73c93d4924ffeaeb559114b1b26d985bf33b4dcee3799668a00ff0065a431bf77e934d5cef1d356f0f7ac1609844178da61c62f9eb98d80ced99b13b75c5d183d74e5af1456888a6ba4c1366f9755d7d931ab85d696f74ec798c55718de5874239711ae9c883c7558ac3f0cc47fc3cafc9b2e3711ecd5e691cda57fd5d3740e1a71e2e42914a292b33c1f1d8f0ca7cc30eaeaa9ed8e9fd9e782a876e37711af21d74041d79820a8d5104526e2b8762f4981ff007cb329eb5d4b3d41a7a4a4a33a39e4123527ded7750001d755cb28c06c2ca7c6aff8dd555c962bcd5b295f1ce47ac85c5da1d0f93871d742399d515182294b699b308312c96d86dfebcd96e32b210e7bb79d149a80e6ebe2388d7c7b96b7b4cc728314cf2bad16df5a2922644e6095fbce1bcc04f1f7a0d455b4d895e9d77d99d14723b7a5a07be91c7ae8de2dfe5701e4aa5ab07e8db565d43905113c192c3281fbc1c0ff00484213b22228a222202f25d1a5f69ac68e660781f84af5af8e68734b48d41e0420a0e390f722f7dee81f6abfdc6df2021d4d5324475fd9710bc0ab2b291db6831ec230ab654e514162a9a4923bacd1d40d4cee3a92398e1ab9c3c9768b44545e9214573a6dd34d75b6bea5ae67d5738337491ef01a7cd57abee4576c96b22abbc563aaa68a16c0c739a1ba31bc86800ef3c7aac8c79fe531555aea5977944d6a80d3d1bb719f47191a107876b80038ebc828b692f6538ede68f6b571ba55db2ae9a8621545d513c2e8d9da770d091c7bf8745d5494f3ddbd1ff2165ba9e6ab925bf39ec640c2f7386fc6750071e4b42baed3f34bd5049435d7e9df4d28dd9191b191ef0ea0968074f05e6c7b3eca315a1928acb757d2d34927ac747ea98f1bda0048de074e43e08240aab7d5587d1c1f4b78a69a8e7aabb35f1c32b7724737781e4788e0c71e2b0afadd8efb2b832d592faedc3bbacadfada77ef69cfc169b906597eca658e4bddce6ac316beadafd0359af3d1a0000f8e8b0ca8982b286aaf1e8dd636dba9e5aa7d1dc5e67642d2f7306f49c481c7ed37e2164aae9a7b4ec8b6796eaf89f4d58fbe47288251bafddf5921d48e9c1edf8a8b31bcd722c45d2ff00625ce4a564c75923dd6bd8e3dfbae046be3cd755e72ebf6417586e774b9cd51570106179d1a23d0ea375a068388079282c4d55ee8efbb46bf6017b7fd0caf82aadb21e71cad635e5a3cc6f0fe21d5443b70ff55ae7ff00541ffcc2d3ebb24bc5c72239054d73dd75f58d9454340696b9ba6e9000d069a05d57bbe5c723bb4d74bb549a8ac9b4df9374375d068380000e01518f53bfa3634fb5646fd3b3b94e35f1d645042b23e8e76f7438b5dae0e6e82a6b046d3de18d1ffae3f04213422228a2222022220aa9b74c7cd9f6852d7319a53dd23150d3d37c765e3e201fe2518ab75b5dc39d97e1528a58f7ee3404d45301cdfa0ed33cc7cc0551791550444441111011110111101111007c55d0d9d63e719c0ad36d91bbb50d844938ebeb1fda70f2274f255cf63986bb2acce2a89e22eb6db4b6a27247073b5ec33cc8d4f802adaa8b02222288888088880ab5edab66afb3d7cd945a20d6db52fdeab8983f47909fada7dd71f81f78565175cf045554f2413c6c96191a58f63dbab5cd3c0823a84142914c5b4bd8bd5d9259aef8cc32555aceaf9295baba4a6efd3ab99f31d75e6a1d5591111011110111101646c763b864778a7b55b2033554eed1ade8075738f40071257a719c52f197dd1b4167a474d27032487847137ef3ddd07ccf456b767db3bb66056b2c874a8b94cd1ed358e6e85dfb2d1f65a3bbaf328af7e1388516158d416aa4d1f20edd44fa686690f371f0e8074002d8d114511110111101111011110147599ec731ccb5f255c4c36cb93f89a8a668dd79ef7b391f78d0f8a9151054cc836279958def753d1b6e94e394944ed5da78b0e8ef86ab41aba0acb7ca62ada49e9a41c0b678dcc3f30af8aeb9a9e1a866e4d132569fb2f6870f9a252856a3bc7c5071200e24f2015e27e2b8ec8ede7d86d6e777ba8e327fa57a696cb6ba23ad25b68e03ff00140c67e410a536b360994e40f68b6d8ab65613a7ad746638ff0013b40a58c57d1e1e5cca9ca6e00379fb1d11e27c1d211f90f353fa214c7d9ec76cc7edeca0b4d143494cce51c4dd353de4f327c4f15904445111101111011110111101111011110111101111011110111101111011110111107fffd9, '2021-12-15', 1, 138, 1, NULL, 'VisualStudio', 'Popular', 1, 4),
	(68, 'WiX for setup projects.', 'Wax Badge An interactive editor for WiX setup projects.', 0, 'https://github.com/Kaloyan9696/Addonis/', NULL, _binary 0xffd8ffe000104a46494600010100000100010000ffdb004300080606070605080707070909080a0c140d0c0b0b0c1912130f141d1a1f1e1d1a1c1c20242e2720222c231c1c2837292c30313434341f27393d38323c2e333432ffdb0043010909090c0b0c180d0d1832211c213232323232323232323232323232323232323232323232323232323232323232323232323232323232323232323232323232ffc00011080096009603012200021101031101ffc4001c0001000202030100000000000000000000000708050602030401ffc40041100001030301050406060709010000000001000203040506110712213141225161810813147191a12332425292b13453627282a2b21516172437436373c1b3ffc4001a010101010101010100000000000000000000010203050406ffc4001f1101000202020203000000000000000000000111020403122131133251ffda000c03010002110311003f009fd11101111011110111101111011110111101116b526798f452be3756bf5638b4e903c8e1e4ac44cfa6f0e2cf93e9132d951718a464d13258ddbcc7b439a4750792e4a302222022220222202222022c2df32ec7f1b66f5e2ef4b4874d431efd5e7dcc1da3f051fdc7d20f12a5716d1d3dc6b88e4e6442369f37107e4825a45053fd24a8c3bb18cd439bdeeac683fd257aa93d23acaf7015762b8423be2919269f1dd4135a2d0ecdb62c22f4f6c6dbbb68e671d0475ac317f31ecfcd6f314d1cf13658646491bc6ad7b1c0870f0210735f090d0493a01cc95f560f310e388dcc34127d49e5ef0ac45cd37c78f7ce31fd65bdae9ff5f17e30abf5571a9a8fdf7fe6570dd3f74fc17c5f4e18757e934f4e35aea6ed3d5aeaa9c5a28819e304411fdb1f742c835cd7b4398e0e69e441d42aedba7b8fc14bbb390e18a377811f4f269af76a172cf8fac5dbcbdcd18e1c3e4ed7e5b6a222e4f3044440445ade6b99dbb07b0bee55c77e477629e9da7474cfee1dc3bcf41e4107b722c9ad18a5adf70bc56329e11c1a0f1748efbad6f325574ccf6e97ebebe4a5b1ef5a280f00f61d6778f177d9f737e2568994e5776cc6f2fb95da7df79d44513783216fdd60e83e67aac1aa96e72cb24f2ba596474923ceae7bdc4b9c7c49e6b82222088880b60c6b35c8712a81259ee52c31ebaba071de89fef61e1e6342b5f44169b00db4dab2a922b75d98cb65d5dd9682efa198f735c791fd93e44a94f810a8329eb645b5e7fad831ac9aa4b9aed23a3ae91dc41e91c87af83bc8f7a8b129f3d4c7fab67e10abdd57e9351fbeff00ccab0eb5e9307c76591f23edc379e4b8e92bc0d4f86aba71e718fb7a3a1b786bce5defcd3276a8a3367a2258dfd1e3e83ee85ed0034680003c17c8e364313238da1ac600d681d00e4b92e6f8729b9991111191111079ebaba9adb41515d592b62a6a78dd2cb23b935a06a4aa6d9e665579be4d3dca72e6533758e920278451ebc3ccf327bfdc14c9e90995ba8ed1478cd3484495bf4f55a1ff0069a7b2df3771fe155cd1244445504444044440444404444168b629b40764f647596e536f5d2dec1baf71ed4f0f20e3de47007c8f52a57548711c8a7c5329a0bcc04ff979019183edc6783dbe635f3d15d9a5a88ab2921a981e1f0ccc6c91bc727348d41f815161da8888a22220222eaa894414d2cc7946c2e3e435414f36a77a75f769179a8dfde8a19bd962ee0d8fb3c3cc13e6b4e5d95133aa6a659de4974af73c93d4924ffeaeb559114b1b26d985bf33b4dcee3799668a00ff0065a431bf77e934d5cef1d356f0f7ac1609844178da61c62f9eb98d80ced99b13b75c5d183d74e5af1456888a6ba4c1366f9755d7d931ab85d696f74ec798c55718de5874239711ae9c883c7558ac3f0cc47fc3cafc9b2e3711ecd5e691cda57fd5d3740e1a71e2e42914a292b33c1f1d8f0ca7cc30eaeaa9ed8e9fd9e782a876e37711af21d74041d79820a8d5104526e2b8762f4981ff007cb329eb5d4b3d41a7a4a4a33a39e4123527ded7750001d755cb28c06c2ca7c6aff8dd555c962bcd5b295f1ce47ac85c5da1d0f93871d742399d515182294b699b308312c96d86dfebcd96e32b210e7bb79d149a80e6ebe2388d7c7b96b7b4cc728314cf2bad16df5a2922644e6095fbce1bcc04f1f7a0d455b4d895e9d77d99d14723b7a5a07be91c7ae8de2dfe5701e4aa5ab07e8db565d43905113c192c3281fbc1c0ff00484213b22228a222202f25d1a5f69ac68e660781f84af5af8e68734b48d41e0420a0e390f722f7dee81f6abfdc6df2021d4d5324475fd9710bc0ab2b291db6831ec230ab654e514162a9a4923bacd1d40d4cee3a92398e1ab9c3c9768b44545e9214573a6dd34d75b6bea5ae67d5738337491ef01a7cd57abee4576c96b22abbc563aaa68a16c0c739a1ba31bc86800ef3c7aac8c79fe531555aea5977944d6a80d3d1bb719f47191a107876b80038ebc828b692f6538ede68f6b571ba55db2ae9a8621545d513c2e8d9da770d091c7bf8745d5494f3ddbd1ff2165ba9e6ab925bf39ec640c2f7386fc6750071e4b42baed3f34bd5049435d7e9df4d28dd9191b191ef0ea0968074f05e6c7b3eca315a1928acb757d2d34927ac747ea98f1bda0048de074e43e08240aab7d5587d1c1f4b78a69a8e7aabb35f1c32b7724737781e4788e0c71e2b0afadd8efb2b832d592faedc3bbacadfada77ef69cfc169b906597eca658e4bddce6ac316beadafd0359af3d1a0000f8e8b0ca8982b286aaf1e8dd636dba9e5aa7d1dc5e67642d2f7306f49c481c7ed37e2164aae9a7b4ec8b6796eaf89f4d58fbe47288251bafddf5921d48e9c1edf8a8b31bcd722c45d2ff00625ce4a564c75923dd6bd8e3dfbae046be3cd755e72ebf6417586e774b9cd51570106179d1a23d0ea375a068388079282c4d55ee8efbb46bf6017b7fd0caf82aadb21e71cad635e5a3cc6f0fe21d5443b70ff55ae7ff00541ffcc2d3ebb24bc5c72239054d73dd75f58d9454340696b9ba6e9000d069a05d57bbe5c723bb4d74bb549a8ac9b4df9374375d068380000e01518f53bfa3634fb5646fd3b3b94e35f1d645042b23e8e76f7438b5dae0e6e82a6b046d3de18d1ffae3f04213422228a2222022220aa9b74c7cd9f6852d7319a53dd23150d3d37c765e3e201fe2518ab75b5dc39d97e1528a58f7ee3404d45301cdfa0ed33cc7cc0551791550444441111011110111101111007c55d0d9d63e719c0ad36d91bbb50d844938ebeb1fda70f2274f255cf63986bb2acce2a89e22eb6db4b6a27247073b5ec33cc8d4f802adaa8b02222288888088880ab5edab66afb3d7cd945a20d6db52fdeab8983f47909fada7dd71f81f78565175cf045554f2413c6c96191a58f63dbab5cd3c0823a84142914c5b4bd8bd5d9259aef8cc32555aceaf9295baba4a6efd3ab99f31d75e6a1d5591111011110111101646c763b864778a7b55b2033554eed1ade8075738f40071257a719c52f197dd1b4167a474d27032487847137ef3ddd07ccf456b767db3bb66056b2c874a8b94cd1ed358e6e85dfb2d1f65a3bbaf328af7e1388516158d416aa4d1f20edd44fa686690f371f0e8074002d8d114511110111101111011110147599ec731ccb5f255c4c36cb93f89a8a668dd79ef7b391f78d0f8a9151054cc836279958def753d1b6e94e394944ed5da78b0e8ef86ab41aba0acb7ca62ada49e9a41c0b678dcc3f30af8aeb9a9e1a866e4d132569fb2f6870f9a252856a3bc7c5071200e24f2015e27e2b8ec8ede7d86d6e777ba8e327fa57a696cb6ba23ad25b68e03ff00140c67e410a536b360994e40f68b6d8ab65613a7ad746638ff0013b40a58c57d1e1e5cca9ca6e00379fb1d11e27c1d211f90f353fa214c7d9ec76cc7edeca0b4d143494cce51c4dd353de4f327c4f15904445111101111011110111101111011110111101111011110111101111011110111107fffd9, '2021-12-15', 1, 136, 1, NULL, 'Visual Studio ', 'New', 1, 4),
	(81, 'Code Runner', 'Note: This extension is for VS. For VS Code users', 0, 'https://github.com/tdgeorgieva/simple-blogging', _binary 0x526172211a0701003392b5e50a0105060005010180800054f737992b02030b800004800020000000008000000f4164646f6e42696e6172792e7478740a0302886af842e4edd7011d77565103050400, NULL, '2021-12-15', 1, 139, 1, NULL, 'VS Code', 'New', 1, 2),
	(83, 'Ini', 'Detection of duplicate properties and sections', 0, 'https://github.com/tdgeorgieva/simple-blogging', _binary 0x526172211a0701003392b5e50a0105060005010180800054f737992b02030b800004800020000000008000000f4164646f6e42696e6172792e7478740a0302886af842e4edd7011d77565103050400, _binary 0xffd8ffe000104a46494600010100000100010000ffdb004300080606070605080707070909080a0c140d0c0b0b0c1912130f141d1a1f1e1d1a1c1c20242e2720222c231c1c2837292c30313434341f27393d38323c2e333432ffdb0043010909090c0b0c180d0d1832211c213232323232323232323232323232323232323232323232323232323232323232323232323232323232323232323232323232ffc00011080096009603012200021101031101ffc4001c0001000202030100000000000000000000000708050602030401ffc40041100001030301050406060709010000000001000203040506110712213141225161810813147191a12332425292b13453627282a2b21516172437436373c1b3ffc4001a010101010101010100000000000000000000010203050406ffc4001f1101000202020203000000000000000000000111020403122131133251ffda000c03010002110311003f009fd11101111011110111101111011110111101116b526798f452be3756bf5638b4e903c8e1e4ac44cfa6f0e2cf93e9132d951718a464d13258ddbcc7b439a4750792e4a302222022220222202222022c2df32ec7f1b66f5e2ef4b4874d431efd5e7dcc1da3f051fdc7d20f12a5716d1d3dc6b88e4e6442369f37107e4825a45053fd24a8c3bb18cd439bdeeac683fd257aa93d23acaf7015762b8423be2919269f1dd4135a2d0ecdb62c22f4f6c6dbbb68e671d0475ac317f31ecfcd6f314d1cf13658646491bc6ad7b1c0870f0210735f090d0493a01cc95f560f310e388dcc34127d49e5ef0ac45cd37c78f7ce31fd65bdae9ff5f17e30abf5571a9a8fdf7fe6570dd3f74fc17c5f4e18757e934f4e35aea6ed3d5aeaa9c5a28819e304411fdb1f742c835cd7b4398e0e69e441d42aedba7b8fc14bbb390e18a377811f4f269af76a172cf8fac5dbcbdcd18e1c3e4ed7e5b6a222e4f3044440445ade6b99dbb07b0bee55c77e477629e9da7474cfee1dc3bcf41e4107b722c9ad18a5adf70bc56329e11c1a0f1748efbad6f325574ccf6e97ebebe4a5b1ef5a280f00f61d6778f177d9f737e2568994e5776cc6f2fb95da7df79d44513783216fdd60e83e67aac1aa96e72cb24f2ba596474923ceae7bdc4b9c7c49e6b82222088880b60c6b35c8712a81259ee52c31ebaba071de89fef61e1e6342b5f44169b00db4dab2a922b75d98cb65d5dd9682efa198f735c791fd93e44a94f810a8329eb645b5e7fad831ac9aa4b9aed23a3ae91dc41e91c87af83bc8f7a8b129f3d4c7fab67e10abdd57e9351fbeff00ccab0eb5e9307c76591f23edc379e4b8e92bc0d4f86aba71e718fb7a3a1b786bce5defcd3276a8a3367a2258dfd1e3e83ee85ed0034680003c17c8e364313238da1ac600d681d00e4b92e6f8729b9991111191111079ebaba9adb41515d592b62a6a78dd2cb23b935a06a4aa6d9e665579be4d3dca72e6533758e920278451ebc3ccf327bfdc14c9e90995ba8ed1478cd3484495bf4f55a1ff0069a7b2df3771fe155cd1244445504444044440444404444168b629b40764f647596e536f5d2dec1baf71ed4f0f20e3de47007c8f52a57548711c8a7c5329a0bcc04ff979019183edc6783dbe635f3d15d9a5a88ab2921a981e1f0ccc6c91bc727348d41f815161da8888a22220222eaa894414d2cc7946c2e3e435414f36a77a75f769179a8dfde8a19bd962ee0d8fb3c3cc13e6b4e5d95133aa6a659de4974af73c93d4924ffeaeb559114b1b26d985bf33b4dcee3799668a00ff0065a431bf77e934d5cef1d356f0f7ac1609844178da61c62f9eb98d80ced99b13b75c5d183d74e5af1456888a6ba4c1366f9755d7d931ab85d696f74ec798c55718de5874239711ae9c883c7558ac3f0cc47fc3cafc9b2e3711ecd5e691cda57fd5d3740e1a71e2e42914a292b33c1f1d8f0ca7cc30eaeaa9ed8e9fd9e782a876e37711af21d74041d79820a8d5104526e2b8762f4981ff007cb329eb5d4b3d41a7a4a4a33a39e4123527ded7750001d755cb28c06c2ca7c6aff8dd555c962bcd5b295f1ce47ac85c5da1d0f93871d742399d515182294b699b308312c96d86dfebcd96e32b210e7bb79d149a80e6ebe2388d7c7b96b7b4cc728314cf2bad16df5a2922644e6095fbce1bcc04f1f7a0d455b4d895e9d77d99d14723b7a5a07be91c7ae8de2dfe5701e4aa5ab07e8db565d43905113c192c3281fbc1c0ff00484213b22228a222202f25d1a5f69ac68e660781f84af5af8e68734b48d41e0420a0e390f722f7dee81f6abfdc6df2021d4d5324475fd9710bc0ab2b291db6831ec230ab654e514162a9a4923bacd1d40d4cee3a92398e1ab9c3c9768b44545e9214573a6dd34d75b6bea5ae67d5738337491ef01a7cd57abee4576c96b22abbc563aaa68a16c0c739a1ba31bc86800ef3c7aac8c79fe531555aea5977944d6a80d3d1bb719f47191a107876b80038ebc828b692f6538ede68f6b571ba55db2ae9a8621545d513c2e8d9da770d091c7bf8745d5494f3ddbd1ff2165ba9e6ab925bf39ec640c2f7386fc6750071e4b42baed3f34bd5049435d7e9df4d28dd9191b191ef0ea0968074f05e6c7b3eca315a1928acb757d2d34927ac747ea98f1bda0048de074e43e08240aab7d5587d1c1f4b78a69a8e7aabb35f1c32b7724737781e4788e0c71e2b0afadd8efb2b832d592faedc3bbacadfada77ef69cfc169b906597eca658e4bddce6ac316beadafd0359af3d1a0000f8e8b0ca8982b286aaf1e8dd636dba9e5aa7d1dc5e67642d2f7306f49c481c7ed37e2164aae9a7b4ec8b6796eaf89f4d58fbe47288251bafddf5921d48e9c1edf8a8b31bcd722c45d2ff00625ce4a564c75923dd6bd8e3dfbae046be3cd755e72ebf6417586e774b9cd51570106179d1a23d0ea375a068388079282c4d55ee8efbb46bf6017b7fd0caf82aadb21e71cad635e5a3cc6f0fe21d5443b70ff55ae7ff00541ffcc2d3ebb24bc5c72239054d73dd75f58d9454340696b9ba6e9000d069a05d57bbe5c723bb4d74bb549a8ac9b4df9374375d068380000e01518f53bfa3634fb5646fd3b3b94e35f1d645042b23e8e76f7438b5dae0e6e82a6b046d3de18d1ffae3f04213422228a2222022220aa9b74c7cd9f6852d7319a53dd23150d3d37c765e3e201fe2518ab75b5dc39d97e1528a58f7ee3404d45301cdfa0ed33cc7cc0551791550444441111011110111101111007c55d0d9d63e719c0ad36d91bbb50d844938ebeb1fda70f2274f255cf63986bb2acce2a89e22eb6db4b6a27247073b5ec33cc8d4f802adaa8b02222288888088880ab5edab66afb3d7cd945a20d6db52fdeab8983f47909fada7dd71f81f78565175cf045554f2413c6c96191a58f63dbab5cd3c0823a84142914c5b4bd8bd5d9259aef8cc32555aceaf9295baba4a6efd3ab99f31d75e6a1d5591111011110111101646c763b864778a7b55b2033554eed1ade8075738f40071257a719c52f197dd1b4167a474d27032487847137ef3ddd07ccf456b767db3bb66056b2c874a8b94cd1ed358e6e85dfb2d1f65a3bbaf328af7e1388516158d416aa4d1f20edd44fa686690f371f0e8074002d8d114511110111101111011110147599ec731ccb5f255c4c36cb93f89a8a668dd79ef7b391f78d0f8a9151054cc836279958def753d1b6e94e394944ed5da78b0e8ef86ab41aba0acb7ca62ada49e9a41c0b678dcc3f30af8aeb9a9e1a866e4d132569fb2f6870f9a252856a3bc7c5071200e24f2015e27e2b8ec8ede7d86d6e777ba8e327fa57a696cb6ba23ad25b68e03ff00140c67e410a536b360994e40f68b6d8ab65613a7ad746638ff0013b40a58c57d1e1e5cca9ca6e00379fb1d11e27c1d211f90f353fa214c7d9ec76cc7edeca0b4d143494cce51c4dd353de4f327c4f15904445111101111011110111101111011110111101111011110111101111011110111107fffd9, '2021-12-15', 16, 144, 1, NULL, 'InteliJ', 'New', 1, 1);
/*!40000 ALTER TABLE `addons` ENABLE KEYS */;

-- Dumping structure for table addonis.details
DROP TABLE IF EXISTS `details`;
CREATE TABLE IF NOT EXISTS `details` (
  `details_id` int(11) NOT NULL AUTO_INCREMENT,
  `open_issues_count` int(11) DEFAULT NULL,
  `pull_requests_count` int(11) DEFAULT NULL,
  `last_commit_date` date DEFAULT NULL,
  `last_commit_message` varchar(300) DEFAULT NULL,
  PRIMARY KEY (`details_id`)
) ENGINE=InnoDB AUTO_INCREMENT=145 DEFAULT CHARSET=latin1;

-- Dumping data for table addonis.details: ~144 rows (approximately)
/*!40000 ALTER TABLE `details` DISABLE KEYS */;
INSERT IGNORE INTO `details` (`details_id`, `open_issues_count`, `pull_requests_count`, `last_commit_date`, `last_commit_message`) VALUES
	(1, 1, 2, '2021-11-27', 'Great work!'),
	(2, 2, 3, '2021-11-28', 'Not bad!'),
	(3, 2, 0, '2021-12-07', '"Initial commit"'),
	(4, 21, 21, '2020-06-05', '"merge"'),
	(5, 0, 0, NULL, NULL),
	(6, 2, 0, '2021-12-10', '"Create Addon 1\\n\\nCreate test"'),
	(7, 2, 0, '2021-12-10', '"Create Addon 1\\n\\nCreate test"'),
	(8, 2, 0, '2021-12-10', '"Create Addon 1\\n\\nCreate test"'),
	(9, 2, 0, '2021-12-10', '"Create Addon 1\\n\\nCreate test"'),
	(10, 2, 0, '2021-12-10', '"Create Addon 1\\n\\nCreate test"'),
	(11, 2, 0, '2021-12-10', '"Create Addon 1\\n\\nCreate test"'),
	(12, 2, 0, '2021-12-10', '"Create Addon 1\\n\\nCreate test"'),
	(13, 2, 0, '2021-12-10', '"Create Addon 1\\n\\nCreate test"'),
	(14, 2, 0, '2021-12-10', '"Create Addon 1\\n\\nCreate test"'),
	(15, 2, 0, '2021-12-10', '"Create Addon 1\\n\\nCreate test"'),
	(16, 2, 0, '2021-12-10', '"Create Addon 1\\n\\nCreate test"'),
	(17, 2, 0, '2021-12-10', '"Create Addon 1\\n\\nCreate test"'),
	(18, 21, 21, '2020-06-05', '"merge"'),
	(19, 21, 21, '2020-06-05', '"merge"'),
	(20, 2, 0, '2021-12-10', '"Create Addon 1\\n\\nCreate test"'),
	(21, 2, 0, '2021-12-10', '"Create Addon 1\\n\\nCreate test"'),
	(22, 2, 0, '2021-12-10', '"Create Addon 1\\n\\nCreate test"'),
	(23, 2, 0, '2021-12-10', '"Create Addon 1\\n\\nCreate test"'),
	(24, 2, 0, '2021-12-10', '"Create Addon 1\\n\\nCreate test"'),
	(25, 2, 0, '2021-12-10', '"Create Addon 1\\n\\nCreate test"'),
	(26, 2, 0, '2021-12-10', '"Create Addon 1\\n\\nCreate test"'),
	(27, 2, 0, '2021-12-10', '"Create Addon 1\\n\\nCreate test"'),
	(28, 2, 0, '2021-12-10', '"Create Addon 1\\n\\nCreate test"'),
	(29, 2, 0, '2021-12-10', '"Create Addon 1\\n\\nCreate test"'),
	(30, 2, 0, '2021-12-10', '"Create Addon 1\\n\\nCreate test"'),
	(31, 2, 0, '2021-12-10', '"Create Addon 1\\n\\nCreate test"'),
	(32, 2, 0, '2021-12-10', '"Create Addon 1\\n\\nCreate test"'),
	(33, 2, 0, '2021-12-10', '"Create Addon 1\\n\\nCreate test"'),
	(34, 2, 0, '2021-12-10', '"Create Addon 1\\n\\nCreate test"'),
	(35, 2, 0, '2021-12-10', '"Create Addon 1\\n\\nCreate test"'),
	(36, 2, 0, '2021-12-10', '"Create Addon 1\\n\\nCreate test"'),
	(37, 2, 0, '2021-12-10', '"Create Addon 1\\n\\nCreate test"'),
	(38, 2, 0, '2021-12-10', '"Create Addon 1\\n\\nCreate test"'),
	(39, 2, 0, '2021-12-10', '"Create Addon 1\\n\\nCreate test"'),
	(40, 2, 0, '2021-12-10', '"Create Addon 1\\n\\nCreate test"'),
	(41, 2, 0, '2021-12-10', '"Create Addon 1\\n\\nCreate test"'),
	(42, 2, 0, '2021-12-10', '"Create Addon 1\\n\\nCreate test"'),
	(43, 2, 0, '2021-12-10', '"Create Addon 1\\n\\nCreate test"'),
	(44, 2, 0, '2021-12-10', '"Create Addon 1\\n\\nCreate test"'),
	(45, 2, 0, '2021-12-10', '"Create Addon 1\\n\\nCreate test"'),
	(46, 2, 0, '2021-12-10', '"Create Addon 1\\n\\nCreate test"'),
	(47, 2, 0, '2021-12-10', '"Create Addon 1\\n\\nCreate test"'),
	(48, 2, 0, '2021-12-10', '"Create Addon 1\\n\\nCreate test"'),
	(49, 2, 0, '2021-12-10', '"Create Addon 1\\n\\nCreate test"'),
	(50, 2, 0, '2021-12-10', '"Create Addon 1\\n\\nCreate test"'),
	(51, 2, 0, '2021-12-10', '"Create Addon 1\\n\\nCreate test"'),
	(52, 2, 0, '2021-12-10', '"Create Addon 1\\n\\nCreate test"'),
	(53, 2, 0, '2021-12-10', '"Create Addon 1\\n\\nCreate test"'),
	(54, 2, 0, '2021-12-10', '"Create Addon 1\\n\\nCreate test"'),
	(55, 2, 0, '2021-12-10', '"Create Addon 1\\n\\nCreate test"'),
	(56, 2, 0, '2021-12-10', '"Create Addon 1\\n\\nCreate test"'),
	(57, 2, 0, '2021-12-10', '"Create Addon 1\\n\\nCreate test"'),
	(58, 2, 0, '2021-12-10', '"Create Addon 1\\n\\nCreate test"'),
	(59, 2, 0, '2021-12-10', '"Create Addon 1\\n\\nCreate test"'),
	(60, 2, 0, '2021-12-10', '"Create Addon 1\\n\\nCreate test"'),
	(61, 2, 0, '2021-12-10', '"Create Addon 1\\n\\nCreate test"'),
	(62, 2, 0, '2021-12-10', '"Create Addon 1\\n\\nCreate test"'),
	(63, 2, 0, '2021-12-10', '"Create Addon 1\\n\\nCreate test"'),
	(64, 2, 0, '2021-12-10', '"Create Addon 1\\n\\nCreate test"'),
	(65, 2, 0, '2021-12-10', '"Create Addon 1\\n\\nCreate test"'),
	(66, 2, 0, '2021-12-10', '"Create Addon 1\\n\\nCreate test"'),
	(67, 2, 0, '2021-12-10', '"Create Addon 1\\n\\nCreate test"'),
	(68, 2, 0, '2021-12-10', '"Create Addon 1\\n\\nCreate test"'),
	(69, 2, 0, '2021-12-10', '"Create Addon 1\\n\\nCreate test"'),
	(70, 2, 0, '2021-12-10', '"Create Addon 1\\n\\nCreate test"'),
	(71, 2, 0, '2021-12-10', '"Create Addon 1\\n\\nCreate test"'),
	(72, 2, 0, '2021-12-10', '"Create Addon 1\\n\\nCreate test"'),
	(73, 2, 0, '2021-12-10', '"Create Addon 1\\n\\nCreate test"'),
	(74, 2, 0, '2021-12-10', '"Create Addon 1\\n\\nCreate test"'),
	(75, 2, 0, '2021-12-10', '"Create Addon 1\\n\\nCreate test"'),
	(76, 2, 0, '2021-12-10', '"Create Addon 1\\n\\nCreate test"'),
	(77, 2, 0, '2021-12-10', '"Create Addon 1\\n\\nCreate test"'),
	(78, 2, 0, '2021-12-10', '"Create Addon 1\\n\\nCreate test"'),
	(79, 2, 0, '2021-12-10', '"Create Addon 1\\n\\nCreate test"'),
	(80, 2, 0, '2021-12-10', '"Create Addon 1\\n\\nCreate test"'),
	(81, 2, 0, '2021-12-10', '"Create Addon 1\\n\\nCreate test"'),
	(82, 2, 0, '2021-12-10', '"Create Addon 1\\n\\nCreate test"'),
	(83, 2, 0, '2021-12-10', '"Create Addon 1\\n\\nCreate test"'),
	(84, 2, 0, '2021-12-10', '"Create Addon 1\\n\\nCreate test"'),
	(85, 2, 0, '2021-12-10', '"Create Addon 1\\n\\nCreate test"'),
	(86, 2, 0, '2021-12-10', '"Create Addon 1\\n\\nCreate test"'),
	(87, 2, 0, '2021-12-10', '"Create Addon 1\\n\\nCreate test"'),
	(88, 2, 0, '2021-12-10', '"Create Addon 1\\n\\nCreate test"'),
	(89, 2, 0, '2021-12-10', '"Create Addon 1\\n\\nCreate test"'),
	(90, 2, 0, '2021-12-10', '"Create Addon 1\\n\\nCreate test"'),
	(91, 2, 0, '2021-12-10', '"Create Addon 1\\n\\nCreate test"'),
	(92, 2, 0, '2021-12-10', '"Create Addon 1\\n\\nCreate test"'),
	(93, 2, 0, '2021-12-10', '"Create Addon 1\\n\\nCreate test"'),
	(94, 21, 21, '2020-06-05', '"merge"'),
	(95, 21, 21, '2020-06-05', '"merge"'),
	(96, 2, 0, '2021-12-10', '"Create Addon 1\\n\\nCreate test"'),
	(97, 21, 21, '2020-06-05', '"merge"'),
	(98, 2, 0, '2021-12-10', '"Create Addon 1\\n\\nCreate test"'),
	(99, 2, 0, '2021-12-10', '"Create Addon 1\\n\\nCreate test"'),
	(100, 2, 0, '2021-12-10', '"Create Addon 1\\n\\nCreate test"'),
	(101, 2, 0, '2021-12-10', '"Create Addon 1\\n\\nCreate test"'),
	(102, 21, 21, '2020-06-05', '"merge"'),
	(103, 1, 0, '2021-12-15', '"Create TestCommit"'),
	(104, 2, 0, '2021-12-10', '"Create Addon 1\\n\\nCreate test"'),
	(105, 2, 0, '2021-12-10', '"Create Addon 1\\n\\nCreate test"'),
	(106, 21, 21, '2020-06-05', '"merge"'),
	(107, 2, 0, '2021-12-10', '"Create Addon 1\\n\\nCreate test"'),
	(108, 2, 0, '2021-12-10', '"Create Addon 1\\n\\nCreate test"'),
	(109, 2, 0, '2021-12-10', '"Create Addon 1\\n\\nCreate test"'),
	(110, 21, 21, '2020-06-05', '"merge"'),
	(111, 2, 0, '2021-12-10', '"Create Addon 1\\n\\nCreate test"'),
	(112, 2, 0, '2021-12-10', '"Create Addon 1\\n\\nCreate test"'),
	(113, 2, 0, '2021-12-10', '"Create Addon 1\\n\\nCreate test"'),
	(114, 2, 0, '2021-12-10', '"Create Addon 1\\n\\nCreate test"'),
	(115, 2, 0, '2021-12-10', '"Create Addon 1\\n\\nCreate test"'),
	(116, 2, 0, '2021-12-10', '"Create Addon 1\\n\\nCreate test"'),
	(117, 1, 0, '2021-12-15', '"Create TestCommit"'),
	(118, 1, 0, '2021-12-15', '"Create TestCommit"'),
	(119, 2, 0, '2021-12-10', '"Create Addon 1\\n\\nCreate test"'),
	(120, 21, 21, '2020-06-05', '"merge"'),
	(121, 2, 0, '2021-12-10', '"Create Addon 1\\n\\nCreate test"'),
	(122, 1, 0, '2021-12-15', '"Create TestCommit"'),
	(123, 1, 0, '2021-12-15', '"Create TestCommit"'),
	(124, 1, 0, '2021-12-15', '"Create TestCommit"'),
	(125, 2, 0, '2021-12-10', '"Create Addon 1\\n\\nCreate test"'),
	(126, 2, 0, '2021-12-10', '"Create Addon 1\\n\\nCreate test"'),
	(127, 2, 0, '2021-12-10', '"Create Addon 1\\n\\nCreate test"'),
	(128, 2, 0, '2021-12-10', '"Create Addon 1\\n\\nCreate test"'),
	(129, 2, 0, '2021-12-10', '"Create Addon 1\\n\\nCreate test"'),
	(130, 2, 0, '2021-12-10', '"Create Addon 1\\n\\nCreate test"'),
	(131, 2, 0, '2021-12-10', '"Create Addon 1\\n\\nCreate test"'),
	(132, 2, 0, '2021-12-10', '"Create Addon 1\\n\\nCreate test"'),
	(133, 21, 21, '2020-06-05', '"merge"'),
	(134, 1, 0, '2021-12-15', '"Create TestCommit"'),
	(135, 2, 0, '2021-12-10', '"Create Addon 1\\n\\nCreate test"'),
	(136, 2, 0, '2021-12-10', '"Create Addon 1\\n\\nCreate test"'),
	(137, 2, 0, '2021-12-10', '"Create Addon 1\\n\\nCreate test"'),
	(138, 2, 0, '2021-12-10', '"Create Addon 1\\n\\nCreate test"'),
	(139, 21, 21, '2020-06-05', '"merge"'),
	(140, 2, 0, '2021-12-10', '"Create Addon 1\\n\\nCreate test"'),
	(141, 1, 0, '2021-12-15', '"Create TestCommit"'),
	(142, 1, 0, '2021-12-15', '"Create TestCommit"'),
	(143, 21, 21, '2020-06-05', '"merge"'),
	(144, 21, 21, '2020-06-05', '"merge"');
/*!40000 ALTER TABLE `details` ENABLE KEYS */;

-- Dumping structure for table addonis.ratings
DROP TABLE IF EXISTS `ratings`;
CREATE TABLE IF NOT EXISTS `ratings` (
  `rating_id` int(11) NOT NULL AUTO_INCREMENT,
  `user_id` int(11) DEFAULT NULL,
  `rating` int(11) DEFAULT NULL,
  `addon_id` int(11) DEFAULT NULL,
  PRIMARY KEY (`rating_id`),
  KEY `ratings_users_user_id_fk` (`user_id`),
  CONSTRAINT `ratings_users_user_id_fk` FOREIGN KEY (`user_id`) REFERENCES `users` (`user_id`)
) ENGINE=InnoDB AUTO_INCREMENT=7 DEFAULT CHARSET=latin1;

-- Dumping data for table addonis.ratings: ~6 rows (approximately)
/*!40000 ALTER TABLE `ratings` DISABLE KEYS */;
INSERT IGNORE INTO `ratings` (`rating_id`, `user_id`, `rating`, `addon_id`) VALUES
	(1, NULL, 2, NULL),
	(2, 1, 1, NULL),
	(3, 2, 2, NULL),
	(4, 3, 1, NULL),
	(5, 4, 2, NULL),
	(6, 8, 2, NULL);
/*!40000 ALTER TABLE `ratings` ENABLE KEYS */;

-- Dumping structure for table addonis.roles
DROP TABLE IF EXISTS `roles`;
CREATE TABLE IF NOT EXISTS `roles` (
  `role_id` int(11) NOT NULL AUTO_INCREMENT,
  `role` varchar(20) DEFAULT NULL,
  PRIMARY KEY (`role_id`)
) ENGINE=InnoDB AUTO_INCREMENT=3 DEFAULT CHARSET=latin1;

-- Dumping data for table addonis.roles: ~2 rows (approximately)
/*!40000 ALTER TABLE `roles` DISABLE KEYS */;
INSERT IGNORE INTO `roles` (`role_id`, `role`) VALUES
	(1, 'user'),
	(2, 'admin');
/*!40000 ALTER TABLE `roles` ENABLE KEYS */;

-- Dumping structure for table addonis.states
DROP TABLE IF EXISTS `states`;
CREATE TABLE IF NOT EXISTS `states` (
  `state_id` int(11) NOT NULL AUTO_INCREMENT,
  `state` varchar(15) NOT NULL DEFAULT 'pending',
  PRIMARY KEY (`state_id`)
) ENGINE=InnoDB AUTO_INCREMENT=3 DEFAULT CHARSET=latin1;

-- Dumping data for table addonis.states: ~2 rows (approximately)
/*!40000 ALTER TABLE `states` DISABLE KEYS */;
INSERT IGNORE INTO `states` (`state_id`, `state`) VALUES
	(1, 'pending'),
	(2, 'approved');
/*!40000 ALTER TABLE `states` ENABLE KEYS */;

-- Dumping structure for table addonis.tags
DROP TABLE IF EXISTS `tags`;
CREATE TABLE IF NOT EXISTS `tags` (
  `tag_id` int(11) NOT NULL AUTO_INCREMENT,
  `tag_name` varchar(50) NOT NULL,
  PRIMARY KEY (`tag_id`)
) ENGINE=InnoDB AUTO_INCREMENT=7 DEFAULT CHARSET=latin1;

-- Dumping data for table addonis.tags: ~6 rows (approximately)
/*!40000 ALTER TABLE `tags` DISABLE KEYS */;
INSERT IGNORE INTO `tags` (`tag_id`, `tag_name`) VALUES
	(1, 'language server'),
	(2, 'JavaScript PHP'),
	(3, 'code generation'),
	(4, 'Setup & Deploy'),
	(5, 'Themes & Plugins'),
	(6, 'Kotlin');
/*!40000 ALTER TABLE `tags` ENABLE KEYS */;

-- Dumping structure for table addonis.users
DROP TABLE IF EXISTS `users`;
CREATE TABLE IF NOT EXISTS `users` (
  `user_id` int(11) NOT NULL AUTO_INCREMENT,
  `first_name` varchar(30) DEFAULT NULL,
  `last_name` varchar(30) DEFAULT NULL,
  `username` varchar(20) NOT NULL,
  `password` varchar(20) NOT NULL,
  `phone_number` int(10) NOT NULL,
  `email` varchar(50) NOT NULL,
  `photo` longblob DEFAULT NULL,
  `enabled` tinyint(1) DEFAULT 1,
  `role_id` int(11) DEFAULT NULL,
  PRIMARY KEY (`user_id`),
  UNIQUE KEY `users_email_uindex` (`email`),
  UNIQUE KEY `users_phone_number_uindex` (`phone_number`),
  UNIQUE KEY `users_username_uindex` (`username`),
  KEY `users_roles_role_id_fk` (`role_id`),
  CONSTRAINT `users_roles_role_id_fk` FOREIGN KEY (`role_id`) REFERENCES `roles` (`role_id`)
) ENGINE=InnoDB AUTO_INCREMENT=17 DEFAULT CHARSET=latin1;

-- Dumping data for table addonis.users: ~10 rows (approximately)
/*!40000 ALTER TABLE `users` DISABLE KEYS */;
INSERT IGNORE INTO `users` (`user_id`, `first_name`, `last_name`, `username`, `password`, `phone_number`, `email`, `photo`, `enabled`, `role_id`) VALUES
	(1, 'Todor', 'Todorov', 'todor', 'pass1', 988324, 'todor@hotmail.com', _binary 0x6173646173, 1, 1),
	(2, 'Ivan', 'Ivanov', 'ivan', 'pass1', 123456789, 'ivan@mail.com', _binary 0x617364616473, 0, 1),
	(3, 'Petar', 'Petrov', 'petar', 'pass1', 123456788, 'petar@mail.com', _binary 0x617364617364, 0, 1),
	(4, 'Mihail', 'Mihailov', 'mihail', 'pass1', 123456799, 'mihail@mail.com', _binary 0x617364617364, 0, 2),
	(5, 'Dragan', 'Draganov', 'dragan', 'addonispass', 666, 'dragan@hotmail.com', NULL, 0, 1),
	(6, 'Stamat', 'Stamatov', 'stamat', 'addonispass', 776677, 'stamat@gmail.com', NULL, 0, 1),
	(7, 'Dimitar', 'Dimitrov', 'dimitar', 'addonispass', 54987878, 'dimitar@mail.com', NULL, 1, 1),
	(8, 'Kaloyan', 'Haralampiev', 'Kaloyan9696', '123', 895964675, 'kaloianharalampiev@gmail.com', _binary 0x617364616473, 1, 2),
	(15, 'Veselin', 'Veselinov', 'veso', 'addonispass', 3498346, 'veso@gmail.com', NULL, 1, 1),
	(16, 'Vasil', 'Vasilev', 'vasko', 'addonispass', 887891817, 'vasko@hotmail.com', NULL, 0, 1);
/*!40000 ALTER TABLE `users` ENABLE KEYS */;

/*!40101 SET SQL_MODE=IFNULL(@OLD_SQL_MODE, '') */;
/*!40014 SET FOREIGN_KEY_CHECKS=IFNULL(@OLD_FOREIGN_KEY_CHECKS, 1) */;
/*!40101 SET CHARACTER_SET_CLIENT=@OLD_CHARACTER_SET_CLIENT */;
/*!40111 SET SQL_NOTES=IFNULL(@OLD_SQL_NOTES, 1) */;
